bag,dir,lp_mm,dphi_deg,int_dyn,int_mod,slope_dyn,slope_mod,a_rate_mm_per_deg,case,axis,z_com,j_p
neg_Mx_01,neg,106.34554219184277,5.226413569842806,-19.614054767286397,172.0153999479695,-27.427853155488883,-2.971474955884558,0.81311314850404,case_01,Mx,0.256,0.312111976
neg_Mx_02,neg,139.22733964466892,5.655715896578895,279.4592970024055,173.8417819757453,-32.61503046273392,-2.7121883155315487,0.9941943949789102,case_01,Mx,0.256,0.312111976
neg_Mx_03,neg,136.691809615961,5.29244296085705,342.7815533273026,171.94647739896047,-85.13386952196399,-2.2091466406768614,2.757038755310028,case_01,Mx,0.256,0.312111976
neg_Mx_045,neg,146.81356702009805,7.005795693048877,472.7434795809903,171.6223340434822,-41.19171353246547,-2.00762874399472,1.3027724012755981,case_01,Mx,0.256,0.312111976
neg_Mx_065,neg,159.73612622013252,6.94258177763618,550.8285126878635,173.6904606419664,-1.2161474825284457,-1.6808570807489385,-0.015450426938328321,case_01,Mx,0.256,0.312111976
neg_Mx_090,neg,152.7456815699715,8.201455896878969,516.7469385427602,175.76427819603603,-44.39154619127433,-1.295561732027689,1.432833239882844,case_01,Mx,0.256,0.312111976
pos_Mx_01,pos,139.84966972544194,5.559021828327797,318.53761718536276,162.97463424924197,-31.987678632270903,-2.9047960303930527,0.966932799574095,case_01,Mx,0.256,0.312111976
pos_Mx_02,pos,137.7933006935978,5.147408758038242,257.6108729505692,164.98625044661912,-30.456788914212197,-2.379783299814595,0.9334899161830021,case_01,Mx,0.256,0.312111976
pos_Mx_03,pos,139.1510164384019,5.94989616172443,190.42818429603736,171.27549261071482,-44.34967540081564,-2.3946122039589595,1.394900473539211,case_01,Mx,0.256,0.312111976
pos_Mx_045,pos,139.15949461817735,5.117521481471268,244.39352599042385,165.42044631885065,-41.61909823346767,-1.5314168152399203,1.3328147196680753,case_01,Mx,0.256,0.312111976
pos_Mx_065,pos,139.93605424649877,5.671139587779197,323.4660435963223,165.8394200832991,-47.62340547902315,-1.1906599709952352,1.5437721638738087,case_01,Mx,0.256,0.312111976
pos_Mx_090,pos,139.52911705918788,5.649202532298589,316.06565027202356,165.0415305246204,-41.06587338436337,-0.708183195661232,1.341791833110314,case_01,Mx,0.256,0.312111976
pos_Mx_120,pos,140.02035062157321,5.876511605645554,310.277310654675,168.36149807949366,-33.20418771462917,-0.18202315315625753,1.09790403050899,case_01,Mx,0.256,0.312111976
neg_My_01,neg,110.45398430693743,5.008614813553621,233.9576053188134,113.79088911465031,-59.29804396435962,-2.0148350874387644,1.9045228179813338,case_01,My,0.256,0.288595976
neg_My_02,neg,111.57488515448901,4.414348080048228,277.8832940717792,113.7950376783074,-65.53932392325088,-1.3677072355028044,2.1335450762048422,case_01,My,0.256,0.288595976
neg_My_03,neg,111.64003829651918,4.2570888595333845,292.9259758930605,113.81982568389208,-29.20429354498333,-0.9748317849661341,0.9385587001035725,case_01,My,0.256,0.288595976
neg_My_045,neg,111.25955531632306,3.651571638059564,276.74318044813697,113.33618005916102,-47.335877229774574,-0.2747486832584481,1.5646643216054854,case_01,My,0.256,0.288595976
neg_My_065,neg,107.13336526278871,4.4531559233461255,199.3672021729713,113.8544417843095,-10.613868602383258,-0.1627534889205884,0.3474733276500964,case_01,My,0.256,0.288595976
neg_My_090,neg,104.8508205460013,3.950586134539027,211.3798266808149,112.44534380907236,-91.23956880501369,0.6280462205912825,3.054367457411796,case_01,My,0.256,0.288595976
neg_My_120,neg,107.98586151071082,4.838918251762453,366.48589637973436,112.07704881708322,-113.04502552850025,0.5644325854442689,3.777229131513915,case_01,My,0.256,0.288595976
pos_My_01,pos,122.33546539961456,6.515597020232414,440.3327729043866,146.30498393060333,-62.35389591957179,-2.5210123720646194,1.9892930968076152,case_01,My,0.256,0.288595976
pos_My_02,pos,117.63537428631342,6.612189209740538,309.5986519664741,149.2834623646617,-41.421640950441606,-2.16550620279416,1.3051678814516734,case_01,My,0.256,0.288595976
pos_My_03,pos,119.75790338772308,6.620318969796653,370.7301488723522,147.1413069957386,-42.2950319941489,-1.8872113766544725,1.3434585439559863,case_01,My,0.256,0.288595976
neg_Mx_01,neg,136.09871735135664,5.174540486246245,111.07420808374341,203.52372289301883,-48.38925518577028,-3.6180654643019086,1.417339060835007,case_02,Mx,0.256,0.32522292
neg_Mx_02,neg,135.0885078065392,5.526542499078187,106.7880366903122,204.81812060857996,-89.07326581776177,-3.1216881086417745,2.72100270699565,case_02,Mx,0.256,0.32522292
neg_Mx_03,neg,138.29575081621962,5.334197528752761,38.02489230201769,206.05932110244458,-1.379224254935139,-2.8148309674141117,-0.045447563092514694,case_02,Mx,0.256,0.32522292
neg_Mx_045,neg,142.8868795355813,7.283361675608077,176.17800741570736,209.72909680568398,-59.28703753644782,-2.684307514898634,1.7918947588513805,case_02,Mx,0.256,0.32522292
neg_Mx_065,neg,142.4397254095822,7.0535936172275955,162.34027982010278,210.42773857671125,-8.628240455256314,-2.323312497241051,0.19959756991583127,case_02,Mx,0.256,0.32522292
neg_Mx_090,neg,143.36026017007302,8.039805394136344,178.69927891230927,212.66053012357264,-2.0395516078186366,-1.9852847848791373,0.0017179460348959227,case_02,Mx,0.256,0.32522292
neg_Mx_120,neg,142.90875264786177,7.378064404682938,128.06215386547893,211.38143638498678,-1.7039702029628252,-1.240596316866054,0.014669208315028107,case_02,Mx,0.256,0.32522292
pos_Mx_01,pos,140.30222340911413,6.992624541144862,177.88037196039235,165.06080982620048,-27.434100758814136,-3.0354990840530385,0.7723960743176593,case_02,Mx,0.256,0.32522292
pos_Mx_02,pos,138.69590481672796,5.232426339306316,182.90708155241785,165.01445121239004,-38.30645183143379,-2.5160207411266873,1.1330316729128949,case_02,Mx,0.256,0.32522292
pos_Mx_03,pos,139.72350617097945,6.3785668968825195,178.81697098967206,164.8726799298378,-54.44044163763835,-2.2061276143726887,1.653602105319887,case_02,Mx,0.256,0.32522292
pos_Mx_045,pos,140.00201716945992,5.697939053332646,199.00126429601974,161.60219973547387,-16.938114437300733,-1.5710307007325985,0.4864817791633626,case_02,Mx,0.256,0.32522292
pos_Mx_065,pos,140.22581347383715,6.581263577642128,242.61826401328543,163.88111075037472,-37.18970130515537,-1.3106007446289556,1.1358387170059203,case_02,Mx,0.256,0.32522292
pos_Mx_090,pos,138.5129835886136,5.596823004243053,209.38473565046348,162.3624840162074,-39.98728954516264,-0.46711480606265576,1.2511056261230453,case_02,Mx,0.256,0.32522292
pos_Mx_120,pos,138.96692880390188,5.873073393938359,127.4438429477213,165.04495933211152,-5.7531343099792736,-0.1536338842407433,0.17726557466834228,case_02,Mx,0.256,0.32522292
neg_My_01,neg,106.49405127315795,3.154441347649223,133.66494296209967,121.02497445652708,-50.312682505817186,-1.9029702415401362,1.5325251918209029,case_02,My,0.256,0.30055192
neg_My_02,neg,106.67838608949624,3.7820934087380755,181.63392734770338,121.38660527700908,-88.02311152335011,-1.2155223512238615,2.7481017966242525,case_02,My,0.256,0.30055192
neg_My_03,neg,105.12720207018675,3.196214045319335,147.6429397138222,122.68821506609977,-59.87005462687629,-0.7458667695808152,1.8717175355764324,case_02,My,0.256,0.30055192
neg_My_045,neg,105.68470823721835,4.224225127168763,88.5995538446005,122.61381776550226,-39.1143172975569,-0.16662694670463166,1.2329822639736443,case_02,My,0.256,0.30055192
neg_My_065,neg,106.29068115017468,3.637218941908005,243.4383731350521,120.40147056295119,-50.33393625845063,0.45103766970237213,1.6077197791628837,case_02,My,0.256,0.30055192
neg_My_090,neg,104.20375812699879,3.358794462032653,313.4495360166879,120.68251488295705,-128.79587913384077,0.4311036290139122,4.090989127675988,case_02,My,0.256,0.30055192
neg_My_120,neg,103.36986868339848,3.3085434135216785,337.76696837547206,120.31277125591437,-137.69460335005232,1.3889480520095208,4.403022375509267,case_02,My,0.256,0.30055192
pos_My_01,pos,118.23978475689421,5.8007142975204795,234.28241113882333,157.48976399137516,-9.482370707932342,-2.6931539065781003,0.21492889121109277,case_02,My,0.256,0.30055192
pos_My_02,pos,119.32166949753527,6.9357562067774285,277.40904631481595,159.59748975635057,-49.21399790013821,-2.3662681278837496,1.4830769012559901,case_02,My,0.256,0.30055192
pos_My_03,pos,119.57371631974806,7.317701247386116,232.07728787908508,158.28758263004792,-18.713107757298673,-2.013060256714484,0.5286799342977498,case_02,My,0.256,0.30055192
pos_My_045,pos,115.95356113314179,6.845288055938402,284.3202914766081,155.98863401826227,-47.61715498226904,-1.5231620258147347,1.4592155601286017,case_02,My,0.256,0.30055192
neg_Mx_01,neg,142.6178005167898,7.204477087537874,121.455069648411,200.2416941640047,-9.709049225355434,-3.713312210153305,0.18980939132974106,case_03,Mx,0.256,0.32522292
neg_Mx_02,neg,140.92755063775266,7.122911063600372,166.255384489617,199.70236571917744,-71.41576418148853,-3.2491754172271663,2.1579763571289705,case_03,Mx,0.256,0.32522292
neg_Mx_03,neg,141.19129609678654,5.776503475825069,71.90969621346879,200.1718525621979,-60.53051319066011,-2.915883116581157,1.8239288745189328,case_03,Mx,0.256,0.32522292
neg_Mx_045,neg,143.52986250406852,6.310684604617904,86.31258393702038,198.7003728943894,-11.020979684277036,-2.40503331510506,0.27275838348408504,case_03,Mx,0.256,0.32522292
neg_Mx_065,neg,142.4639555555772,7.541015499003859,137.76802403853605,199.86331209682237,-52.07826952457359,-2.212628864027946,1.5786160864039624,case_03,Mx,0.256,0.32522292
neg_Mx_090,neg,141.75453403979532,6.723709867486294,172.52742273575933,197.4775233036213,-56.83596014219563,-1.467204002957921,1.752830365112216,case_03,Mx,0.256,0.32522292
pos_Mx_01,pos,134.96844146255688,4.43333214440614,336.3768936010304,166.2770849014476,-94.71166744091042,-2.729655343342253,2.911910526638687,case_03,Mx,0.256,0.32522292
pos_Mx_02,pos,136.13323729420367,4.822586734727596,259.846782643677,168.45390084567288,-25.729618130629625,-2.4427648342238664,0.7372010211536509,case_03,Mx,0.256,0.32522292
pos_Mx_03,pos,138.5541393827255,6.1489304661702775,235.6338920511862,171.48412998412505,-9.978123478734375,-2.2862854646511064,0.24350352391346353,case_03,Mx,0.256,0.32522292
pos_Mx_045,pos,139.48070261525973,6.082988003549098,311.0532275864416,171.3161577342463,-30.81973085358386,-1.8312542029957954,0.9176995413030201,case_03,Mx,0.256,0.32522292
pos_Mx_065,pos,139.2535770152785,6.22346244588769,317.5996344796784,173.11471335873466,-70.62166475964507,-1.4286928821559064,2.190468968712657,case_03,Mx,0.256,0.32522292
pos_Mx_090,pos,140.00051313656857,6.26714247261107,306.8988620161446,171.95777014551172,-20.734597781687043,-0.7523009488205855,0.6325873849369845,case_03,Mx,0.256,0.32522292
pos_Mx_120,pos,139.84381934430877,6.976141204451852,279.2665871330077,173.67979645742417,-2.495260964782254,-0.5474720808991554,0.061661914382050834,case_03,Mx,0.256,0.32522292
neg_My_01,neg,107.25015403143054,3.588339498899823,314.5875245254139,134.7521470000292,-117.37025896562992,-1.7716351081338682,3.659550840424463,case_03,My,0.256,0.30055192
neg_My_02,neg,107.90526027856397,2.958973287922988,267.5571358843564,135.93425799311404,-45.28602178223473,-1.4800183895661398,1.3867837797870273,case_03,My,0.256,0.30055192
neg_My_03,neg,106.28929581310233,3.242876170420882,243.2286119178092,136.84502761736965,-13.458272016162432,-0.9546143838329715,0.3958331792355835,case_03,My,0.256,0.30055192
neg_My_045,neg,113.6035703236175,3.5039437638179716,366.2720094394869,138.27872598211096,-48.79879931343461,-0.7170930678380489,1.522141377020424,case_03,My,0.256,0.30055192
neg_My_065,neg,108.18691666599835,3.8179558780034384,283.427935825222,136.26496773834933,5.822535383786769,0.11151269906162956,-0.1807960784319822,case_03,My,0.256,0.30055192
neg_My_090,neg,108.70509480227663,4.080455724878196,293.6183857689814,136.9723381963919,-51.025329926053644,0.832539384072463,1.6416848478269128,case_03,My,0.256,0.30055192
neg_My_120,neg,111.95261744366421,5.085737559464681,361.1235809914658,138.8192794851365,-69.11429737540442,0.9827681611548749,2.219090215224649,case_03,My,0.256,0.30055192
pos_My_01,pos,119.36095769935378,6.497748459726544,238.3046234101884,140.79810866357488,-20.87863964543259,-2.473071892327068,0.5826722558773695,case_03,My,0.256,0.30055192
pos_My_02,pos,118.80386515916587,6.339067132981654,207.3800647512479,144.5557961089265,-44.804758082798564,-2.127305846977575,1.3510567944935448,case_03,My,0.256,0.30055192
pos_My_03,pos,118.81493262775035,5.766436993477743,210.84371644613276,142.3000569734959,-45.774988443159955,-1.6926078034104497,1.3955331623754914,case_03,My,0.256,0.30055192
pos_My_045,pos,117.43643900934083,6.689645195141492,237.90471317731087,143.51160759652097,-50.4118149206399,-1.4339215915013679,1.5505123219790466,case_03,My,0.256,0.30055192
neg_Mx_01,neg,138.83871353475604,6.899083170796507,218.74192765348107,177.71633221067196,-59.66875732171767,-3.2580483858001767,1.7858158722534834,case_04,Mx,0.256,0.32522292
neg_Mx_02,neg,140.4293640720853,6.7707150486662115,224.61055842429727,179.55287588459356,-8.614720058144943,-3.0335392117619873,0.1766856245807914,case_04,Mx,0.256,0.32522292
neg_Mx_03,neg,141.02243934007925,7.188158185688683,81.29625643826523,182.85960931611956,-16.651449242116904,-2.665352399023614,0.4427633370402013,case_04,Mx,0.256,0.32522292
neg_Mx_045,neg,142.48329141154454,8.410093436544278,87.85178064214098,181.99476444663682,-2.4966250547124478,-2.2856883757566493,0.0066777049327216755,case_04,Mx,0.256,0.32522292
neg_Mx_090,neg,142.00441139353774,6.176142569466366,236.81286871369986,181.28065194793902,-79.02744827352709,-1.0955605567317293,2.4671202448001264,case_04,Mx,0.256,0.32522292
pos_Mx_01,pos,137.1198326248908,4.463845380486122,185.00380218796658,188.50636716771396,-47.45480262267754,-3.192015312374385,1.4012443668934331,case_04,Mx,0.256,0.32522292
pos_Mx_02,pos,136.84035374312424,4.594345603562303,163.2366414225214,189.40787866471797,-57.44826843633245,-2.6590238475999013,1.7344845413392511,case_04,Mx,0.256,0.32522292
pos_Mx_03,pos,138.39987871491755,5.4215746786729575,204.84850052694284,190.34104152748753,-67.41077297454584,-2.486424833245964,2.055335477846154,case_04,Mx,0.256,0.32522292
pos_Mx_045,pos,139.13730656614712,6.075078711280692,234.3446546042672,189.22782611026017,-47.110864359265584,-2.0638587859442,1.4260706711152067,case_04,Mx,0.256,0.32522292
pos_Mx_065,pos,138.85246182251458,5.7248136753736025,261.95094723459965,186.6576195263887,-21.41374514249347,-1.4417291415657159,0.6322619206199707,case_04,Mx,0.256,0.32522292
pos_Mx_090,pos,139.4001575570337,6.180438191617686,264.76487688663525,189.27327458528765,-20.388295993678504,-1.045065924785936,0.6123561984821093,case_04,Mx,0.256,0.32522292
pos_Mx_120,pos,138.88792605306742,6.131707025763058,248.36676526989783,191.10023228955959,-35.063635019302396,-0.4390458602922571,1.09612415899007,case_04,Mx,0.256,0.32522292
neg_My_01,neg,107.08357949812806,3.076499130481932,238.81140488474074,134.98866138147025,-70.6061013377514,-1.8058106279780084,2.178037707427881,case_04,My,0.256,0.30055192
neg_My_02,neg,106.43268934659223,2.9488543710529314,225.09186440005317,135.42912227878497,-121.93029307748024,-1.063134590361146,3.8263389014606433,case_04,My,0.256,0.30055192
neg_My_03,neg,105.76424420341074,3.0594605574429456,157.28391764533234,136.1729151882648,-28.67463063417849,-0.8323177048501235,0.881414988170531,case_04,My,0.256,0.30055192
neg_My_045,neg,107.57525239657043,3.019602057097491,160.21046414771428,131.4094736055765,23.240051966754354,0.71677415871427,-0.7130282133214327,case_04,My,0.256,0.30055192
neg_My_065,neg,105.6431372401956,3.323063428663689,236.08068967399672,132.80587310431773,-97.43967540992368,0.7445022918408682,3.108254908534344,case_04,My,0.256,0.30055192
neg_My_090,neg,105.23737591133668,3.416377555396804,248.99988259041908,133.87176291839418,-89.75304255159593,1.2839314868443172,2.8819930872427113,case_04,My,0.256,0.30055192
neg_My_120,neg,109.48353687575415,4.042205627255068,340.31907096496144,137.57516454918584,-56.83624311398658,1.401922785365576,1.8436683919739696,case_04,My,0.256,0.30055192
pos_My_01,pos,117.89855217472224,6.2238788874104625,225.81764903946103,143.053025622347,-68.54964297602004,-2.4647820036847503,2.0920742863580477,case_04,My,0.256,0.30055192
pos_My_02,pos,117.40602867606073,6.41319751944012,160.0621022768838,145.9169579852033,-46.25711504739781,-2.1648184420112493,1.3958470759773125,case_04,My,0.256,0.30055192
pos_My_03,pos,117.09660026383587,6.108370402168896,240.11646531990144,141.6807002234365,-53.793439360596494,-1.6595314961829464,1.6504235082851677,case_04,My,0.256,0.30055192
neg_Mx_01,neg,140.77832651706706,6.45750195036141,196.31822245558487,172.05487542724904,-18.46790234094921,-3.225857713440688,0.4825233671911828,case_05,Mx,0.256,0.32522292
neg_Mx_02,neg,139.52998624161063,6.132997426492773,26.808103005866943,175.12727813152412,1.2473874507905762,-2.784137808276876,-0.12762757165863997,case_05,Mx,0.256,0.32522292
neg_Mx_03,neg,141.38246493374072,6.306928344267049,144.84624884731565,175.28839339649622,1.146100092018086,-2.579170369144449,-0.1179323437600919,case_05,Mx,0.256,0.32522292
neg_Mx_045,neg,143.16870900987195,7.626263327273541,275.01512112332597,171.76371106441619,-49.47490159067071,-2.189482650026861,1.4969329984185182,case_05,Mx,0.256,0.32522292
neg_Mx_065,neg,143.35530077872914,7.634742700466749,270.7005811075455,173.20935893132432,-32.635940071200025,-1.8101990322474848,0.9758625385097136,case_05,Mx,0.256,0.32522292
pos_Mx_01,pos,137.80008485484805,4.98046404274798,208.84579612814377,194.02178550530357,-27.663030595964038,-3.3137146141506446,0.7708358178627902,case_05,Mx,0.256,0.32522292
pos_Mx_02,pos,137.31231411437815,5.050682974332758,81.67664070952627,197.47169542929652,-59.455397944837884,-2.7954867495986373,1.7937049656276474,case_05,Mx,0.256,0.32522292
pos_Mx_03,pos,139.0954238934971,5.224502593551726,158.52914303361706,198.11196479932806,-51.01899120968422,-2.642769172812612,1.531464978595539,case_05,Mx,0.256,0.32522292
pos_Mx_045,pos,137.50973053611747,5.451803180241922,159.6867187897531,197.11532026741355,-49.387477646527614,-2.113916063650262,1.4965576254068718,case_05,Mx,0.256,0.32522292
pos_Mx_065,pos,138.2122304012434,5.484055868155566,131.3842574921197,197.38459908842398,-38.39316892398326,-1.537204945675113,1.1667636642261394,case_05,Mx,0.256,0.32522292
pos_Mx_090,pos,136.58024030161084,5.008878492525127,126.18812017691577,196.25691875108788,-28.35115798762629,-0.7008089332733405,0.8753379127127517,case_05,Mx,0.256,0.32522292
pos_Mx_120,pos,139.67950385866678,5.698137701621303,207.02503609244118,199.517831684841,-42.59020206289036,-0.3549469350706898,1.3370579877238864,case_05,Mx,0.256,0.32522292
neg_My_01,neg,105.14553403949833,2.324235975509967,208.01089618228812,115.76169713612029,-119.24647351487248,-1.5165545159177602,3.7270220841629063,case_05,My,0.256,0.30055192
neg_My_02,neg,104.23398391243713,2.943946700066523,80.69391983619035,119.8474417092605,-40.24793171261531,-0.8914897228700625,1.2459222744488525,case_05,My,0.256,0.30055192
neg_My_03,neg,105.0633068922185,2.6415756076793917,159.7632837035583,121.00314067710974,-75.2694455476634,-0.3549525562792518,2.371597400022291,case_05,My,0.256,0.30055192
neg_My_045,neg,106.83171721626388,3.2462595439965063,138.9925106804847,118.1121345632818,-7.078443754341645,0.008294344371502324,0.22434763926761087,case_05,My,0.256,0.30055192
neg_My_065,neg,101.53255549409309,1.8004621509674468,-83.25933781209231,117.34332666721303,67.63410516962485,0.7972530187019746,-2.1158803651655638,case_05,My,0.256,0.30055192
neg_My_090,neg,100.0434544494755,2.6580067997653027,180.15051828299144,117.50421589855864,-155.38690938780786,0.9483724059036891,4.949167150825672,case_05,My,0.256,0.30055192
neg_My_120,neg,102.64196472734355,3.0577625566530156,107.36974250767915,118.3702649288327,-30.662571274512356,2.117026274997315,1.0377165381221365,case_05,My,0.256,0.30055192
pos_My_01,pos,118.93467092650882,6.954506300328768,362.7062154482547,157.18221362676164,-57.31878970889612,-2.6985315688396954,1.7291348712511765,case_05,My,0.256,0.30055192
pos_My_02,pos,118.49726878913945,6.083840462924271,295.40737860623966,159.2152358426824,-11.77088446753655,-2.3944416230946604,0.29683371779467926,case_05,My,0.256,0.30055192
pos_My_03,pos,119.76831107309383,7.001577527633473,268.91944529086976,161.8052661891022,-61.92665101346738,-2.087671187993631,1.8943459844332295,case_05,My,0.256,0.30055192
