case,axis,run,rate,gap_onset,gap_rel,tau_ms,M_crit
case_01,Mx,neg_Mx_01,0.1,0.011756497441879343,0.01107167626423414,117.56497441879343,-1.0618534322447128
case_01,Mx,neg_Mx_02,0.2,0.01706544010423472,0.01549131228954415,85.32720052117358,-1.1016135873623196
case_01,Mx,neg_Mx_03,0.3,0.028833469515387344,0.027620989408215984,96.11156505129115,-1.0438970555779838
case_01,Mx,neg_Mx_045,0.45,0.040065436609874494,0.03748219461541158,89.03430357749887,-1.068919176717597
case_01,Mx,neg_Mx_065,0.65,0.06167615904763046,0.052466351495089124,94.8863985348161,-1.175537411885852
case_01,Mx,neg_Mx_090,0.9,0.08936645730924586,0.0931649587709801,99.29606367693984,-0.9592282172198263
case_01,Mx,neg_Mx_120,1.2,0.1118115682497578,0.10122443986876188,93.17630687479817,-1.1045906343835756
case_01,Mx,pos_Mx_01,0.1,0.012312064502583042,0.014553277552754356,123.12064502583041,0.8459994291975046
case_01,Mx,pos_Mx_02,0.2,0.02081942411670712,0.02175188465025558,104.09712058353558,0.957131965871403
case_01,Mx,pos_Mx_03,0.3,0.030043218459363752,0.028975188444494863,100.1440615312125,1.0368601576798997
case_01,Mx,pos_Mx_045,0.45,0.04430523550108467,0.046383496500961026,98.45607889129927,0.9551939556813425
case_01,Mx,pos_Mx_065,0.65,0.05934358260957806,0.060230736453434054,91.29781939935087,0.9852707455346843
case_01,Mx,pos_Mx_090,0.9,0.08750143498157459,0.08216164282583066,97.22381664619398,1.0649913021708124
case_01,Mx,pos_Mx_120,1.2,0.11682440932152849,0.11585791369125222,97.35367443460709,1.0083420769413463
case_01,My,neg_My_01,0.1,0.007439408590026786,0.01601440667145253,74.39408590026785,-0.4645447528997976
case_01,My,neg_My_02,0.2,0.017645299410767312,0.038184724644636035,88.22649705383655,-0.4621036180038559
case_01,My,neg_My_03,0.3,0.030723792609656186,0.06658302771221179,102.41264203218729,-0.4614357992618174
case_01,My,neg_My_045,0.45,0.048703108831884334,0.10297919711787935,108.22913073752075,-0.47294123662796017
case_01,My,neg_My_065,0.65,0.06395566581867479,0.1333981178837707,98.39333202873044,-0.4794345440045798
case_01,My,neg_My_090,0.9,0.08594906731015695,0.16199659215988912,95.49896367795216,-0.530560959117745
case_01,My,neg_My_120,1.2,0.12186007324949549,0.27023998945035654,101.55006104124625,-0.45093279309752693
case_01,My,pos_My_01,0.1,0.00948307907853585,0.008725719303382793,94.83079078535849,1.0867962569984853
case_01,My,pos_My_02,0.2,0.02091584719842321,0.01799384150161421,104.57923599211604,1.1623892094718558
case_01,My,pos_My_03,0.3,0.0275424702842908,0.02528481314618961,91.80823428096934,1.0892890576271241
case_01,My,pos_My_045,0.45,0.04422106218261357,0.03932289180832743,98.26902707247459,1.1245628220366246
case_01,My,pos_My_065,0.65,0.06483958524764266,0.05570455954542482,99.75320807329639,1.163990627998209
case_01,My,pos_My_090,0.9,0.09717314646337849,0.07810030287164085,107.97016273708721,1.2442095983044288
case_01,My,pos_My_120,1.2,0.1174932222371432,0.0911621911369308,97.91101853095267,1.288837189758435
case_02,Mx,neg_Mx_01,0.1,0.011208101776897461,0.006135914260393885,112.0810177689746,-1.8266392425401938
case_02,Mx,neg_Mx_02,0.2,0.021140367589924658,0.011330107454428015,105.70183794962328,-1.8658576430060787
case_02,Mx,neg_Mx_03,0.3,0.03132267210108841,0.016361199406306422,104.40890700362804,-1.9144484046209405
case_02,Mx,neg_Mx_045,0.45,0.046631648440307094,0.025386547727764715,103.62588542290466,-1.8368645055785617
case_02,Mx,neg_Mx_065,0.65,0.0632191225681713,0.0343155768195397,97.26018856641738,-1.842286460770596
case_02,Mx,neg_Mx_090,0.9,0.09000781840155314,0.05030616516587839,100.00868711283681,-1.7892005503652175
case_02,Mx,neg_Mx_120,1.2,0.12354729562058253,0.06420914551633167,102.95607968381879,-1.9241386040429105
case_02,Mx,pos_Mx_01,0.1,0.0064550315218195875,0.007114804341312898,64.55031521819588,0.9072676087995468
case_02,Mx,pos_Mx_02,0.2,0.020457185660559207,0.022830692585974918,102.28592830279604,0.8960387681417175
case_02,Mx,pos_Mx_03,0.3,0.02950161482722924,0.03264391367488125,98.33871609076414,0.9037401311941974
case_02,Mx,pos_Mx_045,0.45,0.044568150701060905,0.05075323662969836,99.04033489124645,0.8781341577530398
case_02,Mx,pos_Mx_065,0.65,0.06647657304520227,0.07073841127931531,102.27165083877273,0.9397521352679962
case_02,Mx,pos_Mx_090,0.9,0.09276927430526405,0.10283593610173952,103.07697145029339,0.902109494228592
case_02,Mx,pos_Mx_120,1.2,0.11125553976471647,0.13699576593908214,92.7129498039304,0.8121093305481313
case_02,My,neg_My_01,0.1,0.007509280983579614,0.011035569049116655,75.09280983579613,-0.6804616010427388
case_02,My,neg_My_02,0.2,0.02169216478271585,0.030819073142499657,108.46082391357925,-0.7038551965017483
case_02,My,neg_My_03,0.3,0.030834779585494188,0.04170154331106251,102.78259861831397,-0.7394157898543384
case_02,My,neg_My_045,0.45,0.043828912017166655,0.06050713415332047,97.39758226037034,-0.7243594103483323
case_02,My,neg_My_065,0.65,-0.851096971699326,-0.9994628658222754,-1309.3799564605015,-0.851554370655996
case_02,My,neg_My_090,0.9,0.09056834985422768,0.13008768444785285,100.63149983803075,-0.696210023559402
case_02,My,neg_My_120,1.2,0.10738799920742859,0.14990518277658052,89.48999933952383,-0.7163728245972671
case_02,My,pos_My_01,0.1,0.008090482997564763,0.006076701336739356,80.90482997564763,1.3313938844830515
case_02,My,pos_My_02,0.2,0.01869700922048212,0.0138037144363955,93.48504610241059,1.3544911629861551
case_02,My,pos_My_03,0.3,0.03040050029295327,0.022708637009826955,101.3350009765109,1.338719725001449
case_02,My,pos_My_045,0.45,0.047750266999793345,0.03650919532042994,106.11170444398522,1.3078969991177287
case_02,My,pos_My_065,0.65,0.0634489943756047,0.049224022068729716,97.6138375009303,1.288984355788992
case_02,My,pos_My_090,0.9,0.09249702166547524,0.06808569922846551,102.77446851719472,1.3585381763517788
case_02,My,pos_My_120,1.2,0.12555229716340377,0.08802514385152833,104.62691430283647,1.4263231125776101
case_03,Mx,neg_Mx_01,0.1,0.007812150105377613,0.00502866679213511,78.12150105377613,-1.5535231162255374
case_03,Mx,neg_Mx_02,0.2,0.02852588747232576,0.017720361485397424,142.62943736162882,-1.609780223492207
case_03,Mx,neg_Mx_03,0.3,0.03050675937314029,0.018511050823528375,101.68919791046764,-1.6480295831917242
case_03,Mx,neg_Mx_045,0.45,0.047037155332489755,0.033184787456053966,104.52701184997723,-1.4174312671063583
case_03,Mx,neg_Mx_065,0.65,0.06397687278378483,0.03814999013689767,98.42595812889974,-1.6769826821503704
case_03,Mx,neg_Mx_090,0.9,0.08843518374038073,0.051723498443262496,98.26131526708969,-1.7097680242450866
case_03,Mx,neg_Mx_120,1.2,0.12260269696701975,0.06473198598974758,102.16891413918313,-1.894004873980506
case_03,Mx,pos_Mx_01,0.1,0.012774319857004834,0.012947865016776042,127.74319857004834,0.986596619632167
case_03,Mx,pos_Mx_02,0.2,0.016911925077014445,0.016617037106965802,84.55962538507222,1.0177461221366009
case_03,Mx,pos_Mx_03,0.3,0.03147816833081141,0.02884425558493185,104.92722776937136,1.0913149842998724
case_03,Mx,pos_Mx_045,0.45,0.04779687549261791,0.04439227256748163,106.21527887248423,1.0766935939123385
case_03,Mx,pos_Mx_065,0.65,-1.3823328806607755,-1.0,-2126.665970247347,1.3823328806607755
case_03,Mx,pos_Mx_090,0.9,0.08810346473371977,0.08215526460432981,97.89273859302197,1.072401935019469
case_03,Mx,pos_Mx_120,1.2,0.1180682886895763,0.08346241104298104,98.39024057464692,1.4146283005025353
case_03,My,neg_My_01,0.1,0.011495982915926461,0.011793016807720012,114.95982915926461,-0.9748127305644892
case_03,My,neg_My_02,0.2,0.018143881855591903,0.017327436963118257,90.71940927795951,-1.0471186185361092
case_03,My,neg_My_03,0.3,0.027736919441281316,0.02586300330976531,92.4563981376044,-1.072455472748923
case_03,My,neg_My_045,0.45,0.04471450691560985,0.041827192890366884,99.36557092357745,-1.0690295911755516
case_03,My,neg_My_065,0.65,0.06719124617934513,0.06315333845700144,103.37114796822327,-1.0639381515055288
case_03,My,neg_My_090,0.9,0.086885160596605,0.08348140268288332,96.5390673295611,-1.0407726488095963
case_03,My,neg_My_120,1.2,0.11899040861257926,0.10523378403983007,99.15867384381605,-1.1307244123003544
case_03,My,pos_My_01,0.1,0.010376375696801166,0.010840274676429715,103.76375696801165,0.9572059755425555
case_03,My,pos_My_02,0.2,0.018978453312347376,0.018767822110095655,94.89226656173688,1.0112229965211796
case_03,My,pos_My_03,0.3,0.03193617959418793,0.03158005565337879,106.45393198062644,1.0112768623563535
case_03,My,pos_My_045,0.45,0.04243659493867691,0.04186391529671358,94.3035443081709,1.0136795528536788
case_03,My,pos_My_065,0.65,0.06787168783154052,0.06849159212543258,104.41798127929309,0.9909491913583085
case_03,My,pos_My_090,0.9,0.09293897040586696,0.0871941202110574,103.26552267318552,1.0658857521688836
case_03,My,pos_My_120,1.2,0.11880336854372309,0.11265468596591859,99.00280711976924,1.0545799096156965
case_04,Mx,neg_Mx_01,0.1,0.010984485438315872,0.0099805650612792,109.84485438315872,-1.1005875289497886
case_04,Mx,neg_Mx_02,0.2,0.02272247703936836,0.01929143419967943,113.6123851968418,-1.1778531758797874
case_04,Mx,neg_Mx_03,0.3,0.03529381132535403,0.028622446584142928,117.6460377511801,-1.2330815683976888
case_04,Mx,neg_Mx_045,0.45,0.043840110043606106,0.03658039001602899,97.42246676356912,-1.1984593391266747
case_04,Mx,neg_Mx_065,0.65,0.06479106852522998,0.054610855341777065,99.67856696189226,-1.1864137289141687
case_04,Mx,neg_Mx_090,0.9,0.09389501181445525,0.08276000082134516,104.32779090495029,-1.1345458057346731
case_04,Mx,neg_Mx_120,1.2,0.12443810165026159,0.08693776005166498,103.69841804188466,-1.4313469955553384
case_04,Mx,pos_Mx_01,0.1,0.010618945070714148,0.007141405320314656,106.18945070714148,1.4869545410771152
case_04,Mx,pos_Mx_02,0.2,0.01873449840478303,0.0123441661339004,93.67249202391514,1.5176803521246411
case_04,Mx,pos_Mx_03,0.3,0.02865311290167427,0.018440583951043032,95.51037633891424,1.553807242641771
case_04,Mx,pos_Mx_045,0.45,0.04506517511396324,0.029843269912291935,100.14483358658498,1.5100615732259843
case_04,Mx,pos_Mx_065,0.65,0.0663305592473169,0.045010065514829355,102.04701422664138,1.4736827971393007
case_04,Mx,pos_Mx_090,0.9,0.08739916532988312,0.0575948842072259,97.11018369987013,1.5174813967056808
case_04,Mx,pos_Mx_120,1.2,0.12181871823075507,0.07285561803850968,101.51559852562924,1.6720566170527127
case_04,My,neg_My_01,0.1,0.013489161611963896,0.013315592903510216,134.89161611963894,-1.013034996617231
case_04,My,neg_My_02,0.2,0.020277071974412975,0.019376443984056045,101.38535987206488,-1.0464805611957495
case_04,My,neg_My_03,0.3,0.030825947049625713,0.02923471645264218,102.75315683208571,-1.0544294862432202
case_04,My,neg_My_045,0.45,0.04394646968270721,0.04339218933217001,97.65882151712714,-1.012773735528626
case_04,My,neg_My_065,0.65,0.0652996424572132,0.06408509192043454,100.4609883957126,-1.0189521540873592
case_04,My,neg_My_090,0.9,0.0889539739948586,0.08042854053595047,98.83774888317622,-1.1060001014825998
case_04,My,neg_My_120,1.2,0.12952101060769938,0.11905155274106524,107.93417550641617,-1.0879405402582611
case_04,My,pos_My_01,0.1,0.012552172366676273,0.01267220539141179,125.52172366676274,0.990527850438972
case_04,My,pos_My_02,0.2,0.018803009203740784,0.018153260457491778,94.01504601870393,1.03579239926461
case_04,My,pos_My_03,0.3,0.02709101005354375,0.026774259948597733,90.30336684514585,1.0118303962669417
case_04,My,pos_My_045,0.45,0.04670774453959137,0.04346184601560554,103.79498786575859,1.0746838623196158
case_04,My,pos_My_065,0.65,0.06523619928202296,0.06187813862993368,100.36338351080454,1.0542689344967595
case_04,My,pos_My_090,0.9,0.09759890004271266,0.09611796662355114,108.44322226968073,1.015407456807338
case_04,My,pos_My_120,1.2,0.12427615507858158,0.09149613446226353,103.56346256548466,1.358266726883831
case_05,Mx,neg_Mx_01,0.1,0.00876014002985015,0.008879036964262784,87.60140029850149,-0.9866092533580857
case_05,Mx,neg_Mx_02,0.2,0.021969017762229814,0.020378314058661688,109.84508881114907,-1.0780586509261303
case_05,Mx,neg_Mx_03,0.3,0.027120427736796016,0.02475112485965463,90.40142578932006,-1.0957250585812142
case_05,Mx,neg_Mx_045,0.45,0.04720525092934369,0.04688226819670673,104.90055762076375,-1.006889230087627
case_05,Mx,neg_Mx_065,0.65,0.06389115628044317,0.06153515119950761,98.29408658529718,-1.0382871421457467
case_05,Mx,neg_Mx_090,0.9,0.0912643110437561,0.08057802109612054,101.40479004861788,-1.1326204069331514
case_05,Mx,neg_Mx_120,1.2,0.12089099651178392,0.09256402729656964,100.74249709315328,-1.3060256780364186
case_05,Mx,pos_Mx_01,0.1,0.015046039120957921,0.009273104675077725,150.4603912095792,1.6225460240296283
case_05,Mx,pos_Mx_02,0.2,0.02355500329990723,0.014180433575829363,117.77501649953614,1.6610918963759245
case_05,Mx,pos_Mx_03,0.3,0.03299858023524038,0.019511101503401185,109.99526745080128,1.6912720293873749
case_05,Mx,pos_Mx_045,0.45,0.04300375685825464,0.025036488336601704,95.56390412945476,1.7176433164305223
case_05,Mx,pos_Mx_065,0.65,0.0661895392299281,0.03880345249209427,101.83006035373553,1.7057641776440744
case_05,Mx,pos_Mx_090,0.9,0.08891208387469418,0.05283484571421721,98.79120430521574,1.682830387271653
case_05,Mx,pos_Mx_120,1.2,0.12287370146458954,0.07094861713508026,102.39475122049127,1.731868871110599
case_05,My,neg_My_01,0.1,0.011963557273174663,0.02045219831832219,119.63557273174662,-0.5849521448487549
case_05,My,neg_My_02,0.2,0.022834414850786855,0.03312344894915988,114.17207425393428,-0.6893731050119408
case_05,My,neg_My_03,0.3,0.02916778724891078,0.04053909942077555,97.22595749636928,-0.7194976619032346
case_05,My,neg_My_045,0.45,-0.7913738866410774,-1.0,-1758.608636980172,-0.7913738866410774
case_05,My,neg_My_065,0.65,0.06717216340226806,0.10403662893133814,103.34178984964316,-0.6456587847209101
case_05,My,neg_My_090,0.9,0.08771564355900163,0.13781044970261605,97.46182617666848,-0.6364948648544794
case_05,My,neg_My_120,1.2,0.12312112772110217,0.1538316066165893,102.60093976758515,-0.8003630101060436
case_05,My,pos_My_01,0.1,0.011892673800408815,0.009214838863925023,118.92673800408815,1.2906002998020065
case_05,My,pos_My_02,0.2,0.021956194291410158,0.01623915847036756,109.78097145705078,1.3520524682036186
case_05,My,pos_My_03,0.3,0.028670437474699106,0.020922866499986897,95.56812491566369,1.370292042666193
case_05,My,pos_My_045,0.45,0.045923530770543675,0.033454858579325494,102.05229060120817,1.3727013869047888
case_05,My,pos_My_065,0.65,0.06390078192545223,0.050214940646113565,98.30889526992651,1.2725452047387393
case_05,My,pos_My_090,0.9,0.08835326919707898,0.06791741790740344,98.17029910786552,1.3008926416716424
case_05,My,pos_My_120,1.2,0.12226143286085867,0.08666941616464689,101.8845273840489,1.4106640874169176
