case,ax,rate,de,de_lo,cap
case_01,Mx,0.1,1.3848540713465092,0.709720817077943,0.6004689911012564
case_01,Mx,0.2,1.2929895907746576,0.2690396957958307,0.522251691218474
case_01,Mx,0.3,1.7104022083760102,0.3853697799073012,0.5051073726512278
case_01,Mx,0.45,1.2488574575342315,0.5291739073527667,0.5034662590207747
case_01,Mx,0.65,1.8516084839996527,1.1746636664476175,0.5137025506359427
case_01,Mx,0.9,1.3384652874800858,0.22167634598390068,0.5317556095790378
case_01,Mx,1.2,1.4842702581432135,0.421177592414396,0.5550527698499366
case_01,Mx,0.1,0.837761303608877,0.4933162102431137,0.6004689911012564
case_01,Mx,0.2,0.6797153432890574,0.17036426945738326,0.522251691218474
case_01,Mx,0.3,0.5549981680599059,0.2797575447873428,0.5051073726512278
case_01,Mx,0.45,0.8706790816882825,0.22677643367798936,0.5034662590207747
case_01,Mx,0.65,0.6454877882939725,0.29354114030869355,0.5137025506359427
case_01,Mx,0.9,0.8042257037575442,0.30802422376617794,0.5317556095790378
case_01,Mx,1.2,0.7439763231734825,0.17457433118413854,0.5550527698499366
case_01,My,0.1,0.9027837831631172,0.34983173403547796,0.47578794526899415
case_01,My,0.2,1.1211170334050273,0.4072951467344356,0.42369498801914357
case_01,My,0.3,0.8438524681792042,0.34648906495306653,0.41413194085874905
case_01,My,0.45,0.6621408839563601,0.29007412408494176,0.4163382239501636
case_01,My,0.65,1.0893498478499801,0.4412094645342766,0.42759982738286567
case_01,My,0.9,1.704541509455211,0.46407815385671664,0.444957542715494
case_01,My,0.1,1.1934213349269207,0.43957935985253255,0.47578794526899415
case_01,My,0.2,0.687503950643639,0.20227059085335425,0.42369498801914357
case_01,My,0.3,0.6942411727002318,0.3027039592568188,0.41413194085874905
case_01,My,0.45,0.6768297925228683,0.4119049883606109,0.4163382239501636
case_01,My,0.65,1.1764419569107722,0.2626013544812849,0.42759982738286567
case_01,My,0.9,1.3305236267380312,0.7184578569061686,0.444957542715494
case_01,My,1.2,0.6816304270481728,0.33355563796364857,0.4665356584913395
case_02,Mx,0.1,0.9003988560623744,0.48714437940197547,0.611727538256135
case_02,Mx,0.2,1.4601715491760645,0.28818621754839174,0.527514687663975
case_02,Mx,0.3,1.3109820711332254,0.6548999075467488,0.50806267122018
case_02,Mx,0.45,1.1684492063282077,0.44703411768999957,0.5045583946650436
case_02,Mx,0.65,0.8464406140366748,0.3812922655462839,0.5132847192806976
case_02,Mx,0.9,1.2650664838717005,0.6957548099704197,0.5300233618789406
case_02,Mx,1.2,1.0667151972007947,0.27446028259480665,0.5521007492031031
case_02,Mx,0.1,0.9705886452404433,0.24758078047687268,0.611727538256135
case_02,Mx,0.2,0.9442665526496139,0.3539971096387596,0.527514687663975
case_02,Mx,0.3,1.0300080970150465,0.3063359563644017,0.50806267122018
case_02,Mx,0.45,0.8347881501030702,0.3216593301894274,0.5045583946650436
case_02,Mx,0.65,0.8809195293705281,0.475405333867709,0.5132847192806976
case_02,Mx,0.9,0.5577562284492334,0.2491859495190491,0.5300233618789406
case_02,Mx,1.2,0.7827289416149327,0.42263830914572836,0.5521007492031031
case_02,My,0.1,1.0244020408682768,0.41421818821312145,0.4838380314901657
case_02,My,0.2,1.0817971344441337,0.33619727720485454,0.4274085814511847
case_02,My,0.3,1.1335233878954705,0.30987697481048093,0.41612850887561464
case_02,My,0.45,0.8300659338769483,0.47148470430296585,0.41690184295604527
case_02,My,0.65,0.6637816389235798,0.18366907664806234,0.42695564423159144
case_02,My,0.9,1.3500550950332648,0.5800395211613195,0.44322244963769636
case_02,My,1.2,1.476757045588524,0.3055507206511378,0.4637569295904372
case_02,My,0.1,0.9430711202139461,0.5061922378343242,0.4838380314901657
case_02,My,0.2,0.8236323589890279,0.23784410139730863,0.4274085814511847
case_02,My,0.3,1.3614192639132627,0.7205607592315502,0.41612850887561464
case_02,My,0.45,1.0202365561131164,0.3466409910603463,0.41690184295604527
case_02,My,0.65,1.1045379940372555,0.4489393062905814,0.42695564423159144
case_02,My,0.9,0.9878199389636033,0.18595287646387718,0.44322244963769636
case_02,My,1.2,1.514073408890881,1.2224298642556988,0.4637569295904372
case_03,Mx,0.1,1.9458839728159663,0.9869492229174187,0.611727538256135
case_03,Mx,0.2,1.541447450756683,0.6660641341295851,0.527514687663975
case_03,Mx,0.3,1.8930005150794575,0.35989557202546635,0.50806267122018
case_03,Mx,0.45,1.4867075513057395,0.26660821996931866,0.5045583946650436
case_03,Mx,0.65,1.2635393046761545,0.2457026755098381,0.5132847192806976
case_03,Mx,0.9,1.2463788491300989,0.4475578882734051,0.5300233618789406
case_03,Mx,1.2,1.4021260606569208,0.27840172726044027,0.5521007492031031
case_03,Mx,0.1,1.0789682908649982,0.44617591678261465,0.611727538256135
case_03,Mx,0.2,0.8950255559383331,0.5247959627334683,0.527514687663975
case_03,Mx,0.3,0.8086483406475815,0.24339314288372543,0.50806267122018
case_03,Mx,0.45,0.6314341402038509,0.24922250473022844,0.5045583946650436
case_03,Mx,0.65,1.2735001237887438,0.5525231109839094,0.5132847192806976
case_03,Mx,0.9,0.6872473534954615,0.3613369076252386,0.5300233618789406
case_03,Mx,1.2,0.8276421305232411,0.4151059702346756,0.5521007492031031
case_03,My,0.1,1.4288801655121832,0.7744197603941296,0.4838380314901657
case_03,My,0.2,0.9312975399142732,0.398970297126733,0.4274085814511847
case_03,My,0.3,1.0923476875301954,0.541786275461718,0.41612850887561464
case_03,My,0.45,0.8377060974164094,0.44887281504570065,0.41690184295604527
case_03,My,0.65,1.0635244626335227,0.47338593052435923,0.42695564423159144
case_03,My,0.9,1.14007370520577,0.6296850169478537,0.44322244963769636
case_03,My,1.2,0.8128504239071633,0.20949054337077117,0.4637569295904372
case_03,My,0.1,0.9562780740144228,0.4832512601158596,0.4838380314901657
case_03,My,0.2,1.1268621914164545,0.3555117243176309,0.4274085814511847
case_03,My,0.3,1.210807117349008,0.28094769035588435,0.41612850887561464
case_03,My,0.45,0.6284363656894892,0.10021834627620675,0.41690184295604527
case_03,My,0.65,1.4934480055971235,0.7065681654015201,0.42695564423159144
case_03,My,0.9,0.8705392518503517,0.5996493175774386,0.44322244963769636
case_03,My,1.2,0.9639174246417144,0.7809069313101571,0.4637569295904372
case_04,Mx,0.1,1.2050291885286502,0.5586231275448492,0.611727538256135
case_04,Mx,0.2,0.8208765063539145,0.38332720649306423,0.527514687663975
case_04,Mx,0.3,0.9258957637824474,0.405870979646797,0.50806267122018
case_04,Mx,0.45,1.2180107089662033,0.465605236372306,0.5045583946650436
case_04,Mx,0.65,0.9408118539914708,0.16234864419417497,0.5132847192806976
case_04,Mx,0.9,1.1869140427160798,0.27938103778823686,0.5300233618789406
case_04,Mx,1.2,1.347106427901054,0.3017948017592254,0.5521007492031031
case_04,Mx,0.1,0.8294739125388307,0.3018089423770659,0.611727538256135
case_04,Mx,0.2,0.9065731271468218,0.28043178141874314,0.527514687663975
case_04,Mx,0.3,0.9332479682650612,0.33878949770961947,0.50806267122018
case_04,Mx,0.45,0.7004315966564219,0.13085081496250636,0.5045583946650436
case_04,Mx,0.65,0.9765964361907816,0.6092336282987995,0.5132847192806976
case_04,Mx,0.9,0.7663928818994088,0.3609072427973756,0.5300233618789406
case_04,Mx,1.2,0.6108390536601789,0.29992581520325573,0.5521007492031031
case_04,My,0.1,1.2956196171950378,0.515477936778419,0.4838380314901657
case_04,My,0.2,1.24650977052725,0.3051605645797672,0.4274085814511847
case_04,My,0.3,1.157694175634074,0.4268380591409223,0.41612850887561464
case_04,My,0.45,1.6694659556104827,0.9637106503356718,0.41690184295604527
case_04,My,0.65,1.1337304921429014,0.2124488842474175,0.42695564423159144
case_04,My,0.9,1.525761895932781,0.44272395411324866,0.44322244963769636
case_04,My,1.2,0.8595055104736707,0.23384379335260433,0.4637569295904372
case_04,My,0.1,1.2725803895328236,0.258602781179215,0.4838380314901657
case_04,My,0.2,0.9851142985973609,0.4361872759721615,0.4274085814511847
case_04,My,0.3,1.2418825221306382,0.32867076646767796,0.41612850887561464
case_04,My,0.45,1.276767642149798,0.5251641596319689,0.41690184295604527
case_04,My,0.65,0.6473873581766584,0.32224415123184647,0.42695564423159144
case_04,My,0.9,0.7281711224453706,0.33100166221903976,0.44322244963769636
case_04,My,1.2,0.8521216368735088,0.4872994974365043,0.4637569295904372
case_05,Mx,0.1,1.488976159649318,0.5764649702666629,0.611727538256135
case_05,Mx,0.2,1.590004231923137,0.6554992453126404,0.527514687663975
case_05,Mx,0.3,1.1945447237927092,0.32838640638098726,0.50806267122018
case_05,Mx,0.45,1.201816814485823,0.3946818990031378,0.5045583946650436
case_05,Mx,0.65,1.0315297267125572,0.33062993932928364,0.5132847192806976
case_05,Mx,0.9,1.169887431357635,0.36328593386083247,0.5300233618789406
case_05,Mx,1.2,1.3352804049124196,0.24855680658176718,0.5521007492031031
case_05,Mx,0.1,0.5038518036691789,0.264263312860825,0.611727538256135
case_05,Mx,0.2,1.2620279050918768,0.4584203101072921,0.527514687663975
case_05,Mx,0.3,0.6907509207877853,0.2164309045257355,0.50806267122018
case_05,Mx,0.45,0.950517777830692,0.18986226476382317,0.5045583946650436
case_05,Mx,0.65,0.502572869655441,0.1638133571504682,0.5132847192806976
case_05,Mx,0.9,0.5948164264540813,0.30689619417921715,0.5300233618789406
case_05,Mx,1.2,0.6501145394950405,0.34873240760675706,0.5521007492031031
case_05,My,0.1,1.5228126367604873,0.3889465366440486,0.4838380314901657
case_05,My,0.2,0.802863718873332,0.5145180139661527,0.4274085814511847
case_05,My,0.3,0.9859577237949377,0.160817991925737,0.41612850887561464
case_05,My,0.45,1.8285235636356505,0.9972249757176499,0.41690184295604527
case_05,My,0.65,1.7770661627775732,0.39654626639557367,0.42695564423159144
case_05,My,0.9,1.4894365786079726,0.32102537570207507,0.44322244963769636
case_05,My,1.2,1.2843120294204893,0.3747642605308254,0.4637569295904372
case_05,My,0.1,1.0413464744211627,0.5907844497656096,0.4838380314901657
case_05,My,0.2,0.8346854976400582,0.28603633020386743,0.4274085814511847
case_05,My,0.3,1.2659466293431798,0.3362294256073466,0.41612850887561464
case_05,My,0.45,0.6935000026746977,0.220297521278617,0.41690184295604527
case_05,My,0.65,0.8206948489320707,0.43152690321424375,0.42695564423159144
case_05,My,0.9,1.1189470958076309,0.27658737640843417,0.44322244963769636
case_05,My,1.2,1.477977549029673,0.9522813648932718,0.4637569295904372
