case,axis,rate,x,phi_deg,cap_degs,res_degs,noise_degs
case_01,Mx,0.1,3.815,4.947,1.3343,1.8665,0.0457
case_01,Mx,0.2,3.338,4.989,0.9067,1.8613,0.0520
case_01,Mx,0.3,2.914,4.717,0.5685,2.3987,0.0367
case_01,Mx,0.45,2.914,6.572,1.1068,2.0423,0.0811
case_01,Mx,0.65,2.596,6.489,0.8319,2.7413,0.1117
case_01,Mx,0.9,2.437,6.878,0.8249,2.7918,0.0938
case_01,Mx,1.2,2.331,7.733,0.9603,3.0671,0.0857
case_01,Mx,0.1,3.921,5.001,1.4971,1.2335,0.0594
case_01,Mx,0.2,3.285,4.669,0.7594,1.1674,0.0638
case_01,Mx,0.3,3.073,5.446,0.8661,1.3877,0.0614
case_01,Mx,0.45,2.644,4.582,0.4320,1.6399,0.0785
case_01,Mx,0.65,2.437,5.035,0.4417,1.6706,0.1314
case_01,Mx,0.9,2.225,5.181,0.3953,2.0877,0.1371
case_01,Mx,1.2,2.067,5.244,0.3590,2.2573,0.0627
case_01,My,0.1,3.403,4.392,0.8351,0.9200,0.2736
case_01,My,0.2,2.689,3.683,0.3236,1.3116,0.2256
case_01,My,0.3,2.440,3.848,0.2885,1.2992,0.2255
case_01,My,0.45,2.056,3.301,0.1564,1.3521,0.3603
case_01,My,0.65,1.917,3.763,0.1824,2.2218,0.1921
case_01,My,0.9,1.582,2.844,0.0804,2.4978,0.3003
case_01,My,1.2,1.438,3.107,0.0855,2.3185,0.2337
case_01,My,0.1,3.691,6.082,2.0465,1.1248,0.2356
case_01,My,0.2,3.025,5.716,1.0284,1.0806,0.2647
case_01,My,0.3,2.727,5.836,0.8385,1.3334,0.3184
case_01,My,0.45,2.540,6.754,0.9646,1.7544,0.2081
case_01,My,0.65,2.253,5.965,0.5994,1.8856,0.2892
case_01,My,0.9,2.061,6.449,0.6002,2.6293,0.3451
case_01,My,1.2,1.965,7.612,0.7737,2.9550,0.2838
case_02,Mx,0.1,4.179,5.086,1.5241,1.1516,0.0879
case_02,Mx,0.2,3.582,5.062,0.9049,1.7416,nan
case_02,Mx,0.3,3.202,4.711,0.5709,1.6157,nan
case_02,Mx,0.45,3.094,6.225,0.9113,1.9992,0.1100
case_02,Mx,0.65,2.822,6.458,0.7861,1.9710,0.0671
case_02,Mx,0.9,2.660,6.944,0.7996,2.3198,0.0556
case_02,Mx,1.2,2.388,6.454,0.5577,2.4595,0.1116
case_02,Mx,0.1,4.451,6.394,3.0565,1.2849,0.1795
case_02,Mx,0.2,3.582,4.946,0.8644,1.3874,0.0430
case_02,Mx,0.3,3.311,5.561,0.8697,1.3265,0.1366
case_02,Mx,0.45,2.931,5.063,0.5281,1.4148,0.0473
case_02,Mx,0.65,2.768,5.724,0.5931,1.1758,0.0834
case_02,Mx,0.9,2.388,4.855,0.3158,1.6117,0.1076
case_02,Mx,1.2,2.225,5.039,0.3011,1.9544,0.0635
case_02,My,0.1,2.754,2.220,0.1550,1.5281,0.3893
case_02,My,0.2,2.484,2.927,0.2162,1.6964,nan
case_02,My,0.3,2.214,2.791,0.1583,1.7911,0.3389
case_02,My,0.45,1.944,2.639,0.1142,1.7670,0.2109
case_02,My,0.65,1.782,2.926,0.1234,2.4351,nan
case_02,My,0.9,1.458,2.349,0.0613,2.9276,nan
case_02,My,1.2,1.296,2.214,0.0479,2.8882,0.4220
case_02,My,0.1,3.510,5.108,1.5530,1.1779,0.4500
case_02,My,0.2,3.078,6.019,1.4968,1.7849,nan
case_02,My,0.3,2.700,6.165,1.1436,3.1772,0.3938
case_02,My,0.45,2.376,5.666,0.7415,2.8301,0.1801
case_02,My,0.65,2.106,5.362,0.5343,3.1102,0.2516
case_02,My,0.9,1.944,5.815,0.5510,4.0231,0.2793
case_02,My,1.2,1.782,5.515,0.4378,4.2137,0.3189
case_03,Mx,0.1,3.588,6.261,1.7122,1.8928,nan
case_03,Mx,0.2,3.025,6.439,1.1257,1.5595,nan
case_03,Mx,0.3,2.638,5.957,0.6993,1.9604,nan
case_03,Mx,0.45,2.357,5.953,0.5562,1.6086,0.0464
case_03,Mx,0.65,2.216,6.898,0.6674,1.5208,0.0372
case_03,Mx,0.9,1.935,6.289,0.4425,1.3258,0.1140
case_03,Mx,1.2,1.829,6.776,0.4741,1.6292,0.0321
case_03,Mx,0.1,3.201,4.073,0.5218,1.0147,0.0869
case_03,Mx,0.2,2.744,4.605,0.4560,1.0955,0.0447
case_03,Mx,0.3,2.604,5.439,0.5680,1.2148,0.1344
case_03,Mx,0.45,2.357,5.727,0.5159,1.1948,0.1022
case_03,Mx,0.65,2.075,5.603,0.3935,1.2868,0.1394
case_03,Mx,0.9,1.900,5.790,0.3658,0.9313,0.1074
case_03,Mx,1.2,1.759,6.215,0.3765,0.9758,0.0822
case_03,My,0.1,2.949,3.180,0.2651,1.0800,0.4880
case_03,My,0.2,2.499,3.323,0.2005,0.9817,nan
case_03,My,0.3,2.171,2.924,0.1196,1.1952,0.3590
case_03,My,0.45,2.048,3.461,0.1527,0.7389,0.1448
case_03,My,0.65,1.761,3.150,0.1009,0.8889,0.4130
case_03,My,0.9,1.598,3.425,0.1044,1.7391,0.2351
case_03,My,1.2,1.516,3.791,0.1207,1.6964,0.2927
case_03,My,0.1,3.564,5.807,1.4881,1.1936,nan
case_03,My,0.2,2.949,5.702,0.8554,1.3054,nan
case_03,My,0.3,2.581,5.344,0.5552,1.1681,nan
case_03,My,0.45,2.376,6.009,0.5948,0.8381,0.2123
case_03,My,0.65,2.253,7.409,0.8184,1.8197,0.2628
case_03,My,0.9,1.843,5.197,0.2919,1.0362,0.3407
case_03,My,1.2,1.679,5.000,0.2388,1.1647,0.3236
case_04,Mx,0.1,4.089,7.125,2.9889,0.9694,0.1644
case_04,Mx,0.2,3.480,6.586,1.5171,0.8807,nan
case_04,Mx,0.3,3.132,6.609,1.1409,0.8380,0.0673
case_04,Mx,0.45,2.871,7.250,1.1068,1.2022,0.0518
case_04,Mx,0.65,2.658,7.890,1.1029,1.0419,0.0809
case_04,Mx,0.9,2.262,6.235,0.5026,1.2109,0.0762
case_04,Mx,1.2,2.131,6.998,0.5712,1.5134,0.0537
case_04,Mx,0.1,3.610,4.086,0.6513,0.8476,nan
case_04,Mx,0.2,3.001,4.171,0.4065,0.9597,0.0748
case_04,Mx,0.3,2.871,5.095,0.5454,0.9436,nan
case_04,Mx,0.45,2.610,5.249,0.4690,0.7683,0.0639
case_04,Mx,0.65,2.305,5.069,0.3427,1.2268,0.0751
case_04,Mx,0.9,2.175,5.432,0.3568,0.9160,0.0333
case_04,Mx,1.2,2.001,5.541,0.3246,0.9836,0.0861
case_04,My,0.1,3.213,2.667,0.2274,1.5277,nan
case_04,My,0.2,2.668,2.417,0.1199,1.2657,nan
case_04,My,0.3,2.396,2.568,0.1086,1.8714,nan
case_04,My,0.45,2.124,2.607,0.0903,2.1314,0.3584
case_04,My,0.65,1.797,2.235,0.0515,1.8817,0.1667
case_04,My,0.9,1.742,2.640,0.0695,2.4708,0.4286
case_04,My,1.2,1.742,3.278,0.1083,2.3044,1.0900
case_04,My,0.1,3.866,5.527,1.7029,1.7387,nan
case_04,My,0.2,3.322,5.610,1.1053,1.9295,nan
case_04,My,0.3,2.940,5.406,0.7470,2.1337,nan
case_04,My,0.45,2.940,7.845,1.5755,2.3794,0.4608
case_04,My,0.65,2.559,6.621,0.8254,2.0779,0.3829
case_04,My,0.9,2.287,6.557,0.6504,2.7529,0.2599
case_04,My,1.2,2.124,6.346,0.5399,2.7017,0.3084
case_05,Mx,0.1,4.307,6.138,2.7754,2.1189,0.0509
case_05,Mx,0.2,3.570,5.321,1.1053,2.0939,0.0594
case_05,Mx,0.3,3.400,6.138,1.2769,1.9286,0.1529
case_05,Mx,0.45,3.117,6.494,1.1295,2.0641,0.0904
case_05,Mx,0.65,2.833,6.803,0.9823,2.6320,0.1017
case_05,Mx,0.9,2.663,7.127,0.9426,2.9542,nan
case_05,Mx,1.2,2.488,7.695,0.9557,3.3570,0.0863
case_05,Mx,0.1,4.023,4.355,1.0925,0.9634,0.0757
case_05,Mx,0.2,3.343,4.365,0.6135,2.0719,0.0872
case_05,Mx,0.3,3.173,4.834,0.6550,1.5645,0.0384
case_05,Mx,0.45,2.839,4.914,0.5137,2.0604,0.0283
case_05,Mx,0.65,2.550,4.744,0.3801,2.0069,0.0702
case_05,Mx,0.9,2.267,4.279,0.2479,2.0558,0.0752
case_05,Mx,1.2,2.210,5.075,0.3350,2.4815,0.0242
case_05,My,0.1,2.853,1.703,0.0693,1.6453,0.1995
case_05,My,0.2,2.524,1.918,0.0677,0.8981,0.2582
case_05,My,0.3,2.359,2.322,0.0871,1.1661,0.3066
case_05,My,0.45,2.085,2.548,0.0839,2.4746,0.2808
case_05,My,0.65,1.481,1.202,0.0118,2.2080,nan
case_05,My,0.9,1.366,1.400,0.0147,2.2663,nan
case_05,My,1.2,1.432,1.906,0.0293,2.3265,0.4390
case_05,My,0.1,3.951,6.242,2.3499,1.7712,0.3530
case_05,My,0.2,3.347,5.615,1.1388,1.6092,0.3799
case_05,My,0.3,3.073,6.352,1.1577,2.4237,0.2335
case_05,My,0.45,2.853,6.906,1.1443,2.3257,0.4630
case_05,My,0.65,2.524,6.414,0.7568,2.7253,0.3516
case_05,My,0.9,2.469,8.210,1.1870,3.4927,0.3210
case_05,My,1.2,2.140,6.585,0.5909,3.0165,0.2572
