case,ax,rate,de,res,cap
S1,Mx,0.1,0.03742977543858645,0.3025312121947192,0.3722483765680837
S1,Mx,0.2,0.06379904805339481,0.24229515473851557,0.39861764918289205
S1,Mx,0.3,0.07893213052534719,0.21729128249708876,0.41375073165484444
S1,Mx,0.45,0.09956449053832789,0.13550475734998335,0.4343830916678251
S1,Mx,0.65,0.10659938598761158,0.11562185964317889,0.44141798711710883
S1,Mx,0.9,0.11396069645704593,0.10787847870444,0.44877929758654317
S1,Mx,1.2,0.12653625190762868,0.13574232043504245,0.4613548530371259
S1,Mx,0.1,0.041876856156131986,0.5102932391537282,0.37669545728562925
S1,Mx,0.2,0.06413629428941925,0.3269196680247855,0.3989548954189165
S1,Mx,0.3,0.07933880596333885,0.1259141216514131,0.4141574070928361
S1,Mx,0.45,0.09948806665554506,0.13522574144584748,0.4343066677850423
S1,Mx,0.65,0.11183400188269821,0.1252440363689483,0.44665260301219545
S1,Mx,0.9,0.11509650394294879,0.11661629983240708,0.44991510507244603
S1,Mx,1.2,0.1254571177934936,0.11602138866163023,0.46027571892299085
S1,My,0.1,0.052713301987047344,0.4641358025030535,0.38753190311654456
S1,My,0.2,0.08892184639265087,0.3656541169049782,0.4237404475221481
S1,My,0.3,0.10466858905519079,0.22964919588891203,0.439487190184688
S1,My,0.45,0.13257777316403982,0.17798148352041893,0.4673963742935371
S1,My,0.65,0.15924870479539371,0.16388360955305767,0.49406730592489095
S1,My,0.9,0.10255420655721252,0.17242934564467033,0.4373728076867098
S1,My,1.2,0.15077771706031587,0.1844713623815531,0.4855963181898131
S1,My,0.1,0.05829205592275027,0.4630307302929477,0.3931106570522475
S1,My,0.2,0.08028300215881996,0.3865633202997354,0.4151016032883172
S1,My,0.3,0.11778020540910512,0.2556918464006395,0.45259880653860235
S1,My,0.45,0.13977656577523614,0.1761198661631554,0.47459516690473336
S1,My,0.65,0.1506753782733136,0.16718431572964598,0.4854939794028108
S1,My,0.9,0.1549356522872539,0.1658558182246895,0.48975425341675116
S1,My,1.2,0.17193722317403926,0.20170278028065367,0.5067558243035365
S2,Mx,0.1,0.045403375488041534,0.576126559689801,0.38022197661753876
S2,Mx,0.2,0.07005541185330921,0.3547240624385537,0.40487401298280645
S2,Mx,0.3,0.08704269112466265,0.2033977801823346,0.4218612922541599
S2,Mx,0.45,0.11451013444758161,0.1824185334582626,0.44932873557707886
S2,Mx,0.65,0.1162871979240281,0.13814665899140757,0.4511057990535253
S2,Mx,0.9,0.12503373041625737,0.1789968488424254,0.4598523315457546
S2,Mx,1.2,0.137861143430607,0.1593198724298269,0.47267974456010425
S2,Mx,0.1,0.0436253529061063,0.2924578385738669,0.37844395403560355
S2,Mx,0.2,0.069846858355945,0.24540585500087916,0.40466545948544225
S2,Mx,0.3,0.09713915359432425,0.2268531455039,0.4319577547238215
S2,Mx,0.45,0.11474170420985713,0.14710650134337136,0.44956030533935437
S2,Mx,0.65,0.14894599739576617,0.16765718606014074,0.48376459852526343
S2,Mx,0.9,0.11080974881501797,0.15470572858115872,0.4456283499445152
S2,Mx,1.2,0.1469037436727946,0.17592696416992484,0.4817223448022918
S2,My,0.1,0.05251017628211542,0.6025982621704682,0.38732877741161265
S2,My,0.2,0.07654759122054818,0.475750723000108,0.4113661923500454
S2,My,0.3,0.09983159668843862,0.16528679188974488,0.43465019781793585
S2,My,0.45,0.12746801890155426,0.14070650656707565,0.4622866200310515
S2,My,0.65,0.1439138552678186,0.12771026902299318,0.4787324563973159
S2,My,0.9,0.1396142061381789,0.11664291208789962,0.4744328072676761
S2,My,1.2,0.14480443611736415,0.1407512348209922,0.4796230372468614
S2,My,0.1,0.05307461514591438,0.5753984824955137,0.3878932162754116
S2,My,0.2,0.07648762896777475,0.3042236175651238,0.41130623009727196
S2,My,0.3,0.0952792141651922,0.1937204067910028,0.43009781529468943
S2,My,0.45,0.1264445653185482,0.13080558346702792,0.46126316644804544
S2,My,0.65,0.14540210022988884,0.12802199748049004,0.4802207013593861
S2,My,0.9,0.14024774229775624,0.12338764807164694,0.4750663434272535
S2,My,1.2,0.14451650928340704,0.14353956107583285,0.4793351104129043
S3,Mx,0.1,0.04149664566187099,0.5092636565887707,0.37631524679136824
S3,Mx,0.2,0.07004549596265593,0.31937488956688176,0.40486409709215315
S3,Mx,0.3,0.08781434568103304,0.24715708749324908,0.42263294681053026
S3,Mx,0.45,0.1043849094156318,0.12463503776588457,0.43920351054512907
S3,Mx,0.65,0.13311152189446937,0.1309396625837304,0.46793012302396664
S3,Mx,0.9,0.12793472771797038,0.12173064307722939,0.4627533288474676
S3,Mx,1.2,0.13177952723511505,0.13600444871826498,0.4665981283646123
S3,Mx,0.1,0.0413364409549859,0.3539476115271059,0.37615504208448314
S3,Mx,0.2,0.06642037562511294,0.42953803449063493,0.4012389767546102
S3,Mx,0.3,0.07370909354012274,0.12824826457789712,0.40852769466961997
S3,Mx,0.45,0.10955939857034247,0.11990382384380893,0.4443779996998397
S3,Mx,0.65,0.11694116052300238,0.10785953064875459,0.45175976165249965
S3,Mx,0.9,0.11959647710316726,0.10522327812693259,0.45441507823266447
S3,Mx,1.2,0.11521125477501204,0.12837171489760188,0.4500298559045093
S3,My,0.1,0.054221504445207444,0.41166741578498145,0.3890401055747047
S3,My,0.2,0.09214887143640915,0.3881340219166922,0.4269674725659064
S3,My,0.3,0.10812337622800297,0.19305680870248634,0.4429419773575002
S3,My,0.45,0.14269956100515835,0.11634605074926774,0.4775181621346556
S3,My,0.65,0.13804154671067587,0.12523942537379631,0.4728601478401731
S3,My,0.9,0.15058939559826587,0.12957647471546796,0.48540799672776314
S3,My,1.2,0.15477220468321864,0.12065233781345111,0.48959080581271586
S3,My,0.1,0.0544213412312754,0.38415856354979805,0.38923994236077264
S3,My,0.2,0.0826168796613272,0.2980092963005469,0.41743548079082443
S3,My,0.3,0.09652339616524365,0.16060886334439473,0.4313419972947409
S3,My,0.45,0.1359584063867592,0.13887024421186175,0.47077700751625645
S3,My,0.65,0.13036178352284505,0.10452181394142683,0.4651803846523423
S3,My,0.9,0.1586004208986787,0.13056334448278664,0.49341902202817595
S3,My,1.2,0.0856214210366755,0.19755362968465578,0.4204400221661727
S4,Mx,0.1,0.0476390386487035,0.48918870051012747,0.38245763977820074
S4,Mx,0.2,0.07610683717516467,0.3948284476905227,0.4109254383046619
S4,Mx,0.3,0.09399539911400608,0.23699303457031234,0.4288140002435033
S4,Mx,0.45,0.11216197722742725,0.11802956790107517,0.4469805783569245
S4,Mx,0.65,0.1179154134717905,0.12165194436057272,0.45273401460128776
S4,Mx,0.9,0.128584774113895,0.10430690663767546,0.46340337524339226
S4,Mx,1.2,0.13902217179097812,0.12411667839886634,0.47384077292047533
S4,Mx,0.1,0.05338145293292289,0.3529794650630474,0.38820005406242014
S4,Mx,0.2,0.07582571516563633,0.30554685058856024,0.41064431629513354
S4,Mx,0.3,0.11189527801348621,0.30015647781872545,0.44671387914298344
S4,Mx,0.45,0.13290191942879118,0.11974945369440772,0.4677205205582884
S4,Mx,0.65,0.14261641379555456,0.12730620506326054,0.4774350149250518
S4,Mx,0.9,0.13463531909375953,0.12844273940526557,0.46945392022325677
S4,Mx,1.2,0.14022875423395162,0.12946710377363646,0.4750473553634489
S4,My,0.1,0.0647382135343903,0.37124570341484825,0.39955681466388754
S4,My,0.2,0.09778060288868401,0.31919674051262276,0.43259920401818125
S4,My,0.3,0.12957227916471992,0.23274383183864353,0.46439088029421716
S4,My,0.45,0.1532796360136983,0.11869675636399955,0.48809823714319556
S4,My,0.65,0.14750907100431876,0.1213841076047134,0.482327672133816
S4,My,0.9,0.1269251287623063,0.12033730040754552,0.46174372989180357
S4,My,1.2,0.17667935322771852,0.1258393209404249,0.5114979543572158
S4,My,0.1,0.05523385135394416,0.3472418526957918,0.3900524524834414
S4,My,0.2,0.08829047587655223,0.2662959116807852,0.4231090770060495
S4,My,0.3,0.10969489062413426,0.18231484259518277,0.44451349175363153
S4,My,0.45,0.14710422858393274,0.10800976764771776,0.48192282971343
S4,My,0.65,0.15665737393527465,0.11360214470113492,0.4914759750647719
S4,My,0.9,0.15090934939348438,0.12368844807871285,0.4857279505229816
S4,My,1.2,0.1661624038958537,0.1323763148214322,0.5009810050253509
S5,Mx,0.1,0.05625457165809362,0.5952868055709492,0.39107317278759085
S5,Mx,0.2,0.07988750502521864,0.3384464225623048,0.41470610615471587
S5,Mx,0.3,0.09939659426147732,0.17598321677549902,0.43421519539097453
S5,Mx,0.45,0.1250649816686476,0.12747175483467332,0.45988358279814484
S5,Mx,0.65,0.15090109054520343,0.1312571346437431,0.48571969167470064
S5,Mx,0.9,0.11941378920520822,0.16011210865751724,0.45423239033470547
S5,Mx,1.2,0.09532445440740064,0.120013624642321,0.4301430555368979
S5,Mx,0.1,0.04801237701177427,0.4303995459668483,0.38283097814127154
S5,Mx,0.2,0.07076200779312043,0.36443572026917637,0.40558060892261766
S5,Mx,0.3,0.08449111147332089,0.11519322469180635,0.41930971260281813
S5,Mx,0.45,0.11074790688906867,0.11794651563186748,0.4455665080185659
S5,Mx,0.65,0.14228504933606054,0.1397883941347466,0.4771036504655578
S5,Mx,0.9,0.13557717710382153,0.1294867437595343,0.4703957782333188
S5,Mx,1.2,0.1307154054102632,0.12498407694809407,0.4655340065397604
S5,My,0.1,0.061616088447792074,0.6891721949026957,0.39643468957728933
S5,My,0.2,0.10370938281717527,0.4213493151369468,0.43852798394667253
S5,My,0.3,0.10914526116787485,0.19765383792891925,0.44396386229737206
S5,My,0.45,0.14566422086696806,0.12231847386575395,0.4804828219964653
S5,My,0.65,0.1567322631515758,0.12163229619545705,0.49155086428107303
S5,My,0.9,0.18028726653827443,0.14228472677250262,0.5151058676677717
S5,My,1.2,0.16474017725019777,0.11838653632415073,0.499558778379695
S5,My,0.1,0.05299007167282002,0.5362337575485758,0.38780867280231723
S5,My,0.2,0.08813374149891419,0.3145746475889389,0.4229523426284114
S5,My,0.3,0.11551173341824095,0.22648949014061834,0.4503303345477382
S5,My,0.45,0.13745795728748575,0.11407930451711988,0.472276558416983
S5,My,0.65,0.14782895590464706,0.11676094904294275,0.4826475570341443
S5,My,0.9,0.1504129077724124,0.09764156125206465,0.48523150890190964
S5,My,1.2,0.1560972825024513,0.11089114973247563,0.49091588363194855
S6,Mx,0.1,0.04493926176560679,0.6069178412541347,0.37975786289510405
S6,Mx,0.2,0.07195692668801819,0.3324450207990289,0.4067755278175154
S6,Mx,0.3,0.09442939163092896,0.181736320126019,0.4292479927604262
S6,Mx,0.45,0.1176832298641594,0.1266029623728446,0.45250183099365665
S6,Mx,0.65,0.13367866675984363,0.1134266689990856,0.4684972678893409
S6,Mx,0.9,0.13569570773073794,0.11740436779041719,0.47051430886023515
S6,Mx,1.2,0.05169370902567604,0.12746611881556652,0.3865123101551733
S6,Mx,0.1,0.053315003759400716,0.6548109324907645,0.388133604888898
S6,Mx,0.2,0.08475039663865472,0.37974685566363336,0.41956899776815193
S6,Mx,0.3,0.10461967199195585,0.18267114162506767,0.4394382731214531
S6,Mx,0.45,0.11752368970389242,0.12248911038850048,0.45234229083338967
S6,Mx,0.65,0.1416196264992798,0.1314216951858861,0.4764382276287771
S6,Mx,0.9,0.15319970487365428,0.13523565386529748,0.48801830600315155
S6,Mx,1.2,0.099819748040425,0.13411933307528043,0.4346383491699222
S6,My,0.1,0.057983018838386406,0.5740678250894393,0.39280161996788365
S6,My,0.2,0.0833282946108995,0.3869891891915668,0.41814689574039676
S6,My,0.3,0.11048744673353107,0.1968221211179369,0.4453060478630283
S6,My,0.45,0.13725665393656822,0.13539911324859105,0.47207525506606546
S6,My,0.65,0.15600968529771306,0.12242481542954108,0.4908282864272103
S6,My,0.9,0.1511316148198273,0.13336689517875366,0.4859502159493245
S6,My,1.2,0.14436905040179696,0.12445098938813651,0.47918765153129417
S6,My,0.1,0.061546026961495054,0.43712632363288034,0.39636462809099227
S6,My,0.2,0.10239096561994944,0.4269520771982651,0.43720956674944667
S6,My,0.3,0.12871681958511394,0.19352470850965062,0.4635354207146112
S6,My,0.45,0.15303605104076315,0.13368080715327121,0.48785465217026036
S6,My,0.65,0.16614651889706497,0.12673413806284942,0.5009651200265622
S6,My,0.9,0.1695629906483252,0.11165977726906633,0.5043815917778225
S6,My,1.2,0.16641694941814758,0.1195531482074474,0.5012355505476448
S7,Mx,0.1,0.05267316076919744,0.49696241252617396,0.38749176189869466
S7,Mx,0.2,0.06831533816042286,0.16044143936064217,0.4031339392899201
S7,Mx,0.3,0.11177975368556214,0.22785067858343094,0.4465983548150594
S7,Mx,0.45,0.1318815567947477,0.12191208112081241,0.4667001579242449
S7,Mx,0.65,0.15961655646757966,0.16068117683185737,0.4944351575970769
S7,Mx,0.9,0.11895795776624767,0.18123541478287009,0.4537765588957449
S7,Mx,1.2,0.13965840150815811,0.10381114465196462,0.47447700263765535
S7,Mx,0.1,0.047578801744061365,0.4936116587177974,0.3823974028735586
S7,Mx,0.2,0.06747810994105406,0.23959307003669064,0.4022967110705513
S7,Mx,0.3,0.08890081842789961,0.16226200592742718,0.42371941955739684
S7,Mx,0.45,0.09972196118803867,0.10883496903015358,0.4345405623175359
S7,Mx,0.65,0.1335328177449213,0.12209330246408948,0.46835141887441856
S7,Mx,0.9,0.1359555010664471,0.13791066568863072,0.47077410219594434
S7,Mx,1.2,0.13970203538711914,0.12154125891371238,0.47452063651661636
S7,My,0.1,0.05403686682049525,0.5852386132980677,0.3888554679499925
S7,My,0.2,0.08791878845915171,0.3026702357927078,0.4227373895886489
S7,My,0.3,0.11520368535182003,0.18018154775713405,0.45002228648131726
S7,My,0.45,0.13723178302348857,0.1174685759480809,0.47205038415298584
S7,My,0.65,0.16501517699801677,0.13854724494869103,0.499833778127514
S7,My,0.9,0.13185607142498312,0.1193403862949241,0.46667467255448036
S7,My,1.2,0.1651835857055542,0.13580529735183874,0.5000021868350515
S7,My,0.1,0.06831575459354093,0.5935001225090466,0.4031343557230382
S7,My,0.2,0.08786540278482,0.14125501286914718,0.42268400391431726
S7,My,0.3,0.12919273953082583,0.21716970983440442,0.46401134066032307
S7,My,0.45,0.1532847915873843,0.13421681733982346,0.4881033927168815
S7,My,0.65,0.18435855770094692,0.11793573197900072,0.5191771588304441
S7,My,0.9,0.13874430979152472,0.14479895882792396,0.473562910921022
S7,My,1.2,0.16599109923978958,0.12539477660232828,0.5008097003692868
S8,Mx,0.1,0.0497030383378561,0.5844071573155531,0.38452163946735335
S8,Mx,0.2,0.07038531095774715,0.36500540318880476,0.4052039120872444
S8,Mx,0.3,0.09882282314727446,0.23616231434956061,0.4336414242767717
S8,Mx,0.45,0.10898500456091059,0.12272185887400867,0.44380360569040783
S8,Mx,0.65,0.12468840587174018,0.12177889248081411,0.4595070070012374
S8,Mx,0.9,0.1350555007093052,0.14639399411323434,0.4698741018388024
S8,Mx,1.2,0.13552346545729993,0.17903287408670365,0.47034206658679717
S8,Mx,0.1,0.04215147456579115,0.1680783826757163,0.3769700756952884
S8,Mx,0.2,0.08866472954511535,0.30724490796137954,0.4234833306746126
S8,Mx,0.3,0.10370026232400749,0.18239826827701194,0.4385188634535047
S8,Mx,0.45,0.13082169898214988,0.12242191784616678,0.46564030011164714
S8,Mx,0.65,0.14614468157127344,0.14871787530983893,0.4809632827007707
S8,Mx,0.9,0.14963924710380283,0.12291864426620822,0.48445784823330007
S8,Mx,1.2,0.11536881749010516,0.13103542576527552,0.45018741861960243
S8,My,0.1,0.07070947933517802,0.5196554897675336,0.40552808046467526
S8,My,0.2,0.11289248393777952,0.3886600540390855,0.44771108506727675
S8,My,0.3,0.13305993450169562,0.15709577291463112,0.46787853563119286
S8,My,0.45,0.15629426650100248,0.1265066706165795,0.4911128676304997
S8,My,0.65,0.14943289874788662,0.11487416219435462,0.48425149987738386
S8,My,0.9,0.16642130561666155,0.11235726718424838,0.5012399067461588
S8,My,1.2,0.15887538050423314,0.1192601405103201,0.49369398163373035
S8,My,0.1,0.060430189786035746,0.5729979593692204,0.395248790915533
S8,My,0.2,0.08639430700379741,0.3576602819038131,0.42121290813329465
S8,My,0.3,0.09518607402801384,0.2542098504628643,0.43000467515751106
S8,My,0.45,0.14066603405591577,0.14002918569400755,0.475484635185413
S8,My,0.65,0.1514712090970686,0.13438210674966758,0.4862898102265658
S8,My,0.9,0.13765498964690318,0.11831728940908558,0.4724735907764004
S8,My,1.2,0.1497244673540054,0.11752628593432257,0.48454306848350265
S9,Mx,0.1,0.034023937212405056,0.16578835330433958,0.3688425383419023
S9,Mx,0.2,0.05442866830483175,0.5525028957761026,0.38924726943432897
S9,Mx,1.2,0.022774406023695994,0.21271144380298157,0.35759300715319325
S9,Mx,0.1,0.06192650273113923,0.37241276166925746,0.39674510386063644
S9,Mx,0.2,0.09836029797788125,0.40336521943832226,0.4331788991073785
S9,Mx,0.3,0.1101335710598822,0.17887233535678285,0.44495217218937944
S9,Mx,0.45,0.14497391169528426,0.12359971059772552,0.4797925128247815
S9,Mx,0.65,0.14599747690131729,0.12381166837927612,0.4808160780308145
S9,Mx,0.9,0.09367375284338679,0.126074789519693,0.42849235397288404
S9,Mx,1.2,0.04414671653496603,0.114200024380489,0.3789653176644633
S9,My,0.1,0.07344179211202974,0.6057685331228336,0.40826039324152696
S9,My,0.2,0.100775039568221,0.3412868714772957,0.4355936406977182
S9,My,0.3,0.11215156249487503,0.35285048047699524,0.44697016362437225
S9,My,0.45,0.1398157414035992,0.16426316691348247,0.47463434253309644
S9,My,0.65,0.1587783007843752,0.19553505337157484,0.4935969019138724
S9,My,0.9,0.11786242271348797,0.6212139367252306,0.4526810238429852
S9,My,1.2,0.095135425106161,0.16845787449619642,0.42995402623565826
S9,My,0.1,0.0569736579582692,0.5383536779250138,0.39179225908776644
S9,My,0.2,0.06436634041030154,0.483134095709146,0.3991849415397988
S9,My,0.3,0.09428046097392072,0.2766896834666565,0.42909906210341797
S9,My,0.45,0.10464355228963629,0.3177365156683171,0.4394621534191335
S9,My,0.65,0.05722201932336581,0.21065572062012836,0.39204062045286303
S9,My,0.9,0.10824950617276174,0.33303105771741054,0.443068107302259
S9,My,1.2,0.1378558568943686,0.3988087239456047,0.4726744580238659
S11,Mx,0.1,0.04527893376849764,0.4422098333189326,0.38009753489799486
S11,Mx,0.2,0.07326222431069448,0.34237943370431556,0.40808082544019175
S11,Mx,0.3,0.08451586055356641,0.17438936028491467,0.41933446168306365
S11,Mx,0.45,0.11350002040609035,0.15601278701766377,0.4483186215355876
S11,Mx,0.65,0.11983488602181418,0.11108840563849313,0.45465348715131143
S11,Mx,0.9,0.1224339537249746,0.12564179314867338,0.45725255485447186
S11,Mx,1.2,0.1334387412228566,0.11257832448933475,0.46825734235235383
S11,Mx,0.1,0.05037589756421748,0.47221377387137914,0.3851944986937147
S11,Mx,0.2,0.06457059662950812,0.2395736494437687,0.3993891977590054
S11,Mx,0.3,0.09523547273642563,0.23987231106558218,0.43005407386592287
S11,Mx,0.45,0.12535700298088967,0.1201814141682011,0.46017560411038694
S11,Mx,0.65,0.1432274542262144,0.1287868560101133,0.47804605535571165
S11,Mx,0.9,0.14631854109652795,0.1262724718529085,0.4811371422260252
S11,Mx,1.2,0.13275314914439126,0.14105336262816126,0.46757175027388853
S11,My,0.1,0.07688289303868034,0.48983970897220164,0.4117014941681776
S11,My,0.2,0.1218903097560441,0.3114221682669501,0.45670891088554133
S11,My,0.3,0.14468320547509836,0.1815127913780926,0.4795018066045956
S11,My,0.45,0.1712683595526261,0.12596196796342735,0.5060869606821233
S11,My,0.65,0.12208914264012623,0.11355756161732052,0.45690774376962345
S11,My,0.9,0.06445337595463436,0.13110343398698168,0.3992719770841316
S11,My,1.2,0.029810490142157177,0.12392022962699313,0.36462909127165444
S11,My,0.1,0.05981877594033357,0.47531816390561465,0.3946373770698308
S11,My,0.2,0.08862585635344984,0.2687328489547428,0.42344445748294707
S11,My,0.3,0.11645926410202369,0.13673332898688842,0.4512778652315209
S11,My,0.45,0.14587219054722134,0.23287495221471197,0.4806907916767186
S11,My,0.65,0.06129271493247722,0.19813112618108697,0.39611131606197447
S13,Mx,0.1,0.03671034662828241,0.18810277371349748,0.37152894775777967
S13,Mx,0.2,0.07293445867391488,0.28888782422950104,0.40775305980341214
S13,Mx,0.3,0.09430734746931321,0.2623621657083287,0.4291259485988105
S13,Mx,0.45,0.11808825003909705,0.1259572047387649,0.4529068511685943
S13,Mx,0.65,0.13287448860569082,0.12240778708450206,0.4676930897351881
S13,Mx,0.9,0.06332409707341655,0.11920069823766992,0.3981426982029138
S13,Mx,1.2,0.042688239622105564,0.10981769129223869,0.3775068407516028
S13,Mx,0.1,0.046557088296192456,0.6722496388948281,0.38137568942568967
S13,Mx,0.2,0.08106723328777021,0.3037232404816378,0.41588583441726745
S13,Mx,0.3,0.1007864750788554,0.1266250526560884,0.43560507620835265
S13,Mx,0.45,0.13342758444883412,0.13510384411382945,0.46824618557833136
S13,Mx,0.65,0.13523741656689905,0.13558904650400183,0.47005601769639627
S13,Mx,0.9,0.07531942880066503,0.15757221116756304,0.41013802993016224
S13,Mx,1.2,0.040356196069509576,0.11546404808302478,0.3751747971990068
S13,My,0.1,0.06528794000131134,0.49273513900733085,0.40010654113080857
S13,My,0.2,0.10376349026087725,0.36410940718499096,0.4385820913903745
S13,My,0.3,0.12247027011533934,0.16809154521209685,0.4572888712448366
S13,My,0.45,0.15357545843049553,0.1357441982675507,0.48839405955999277
S13,My,0.65,0.13777293383778852,0.12359557290476558,0.4725915349672858
S13,My,0.9,0.10916786251620426,0.11997707049961608,0.4439864636457015
S13,My,1.2,0.0867610300147649,0.11719202956776623,0.4215796311442621
S13,My,0.1,0.05892810505461794,0.49219454784177685,0.39374670618411517
S13,My,0.2,0.08370510332976773,0.3148998157728632,0.41852370445926496
S13,My,0.3,0.10893228733514508,0.21902660173019567,0.44375088846464233
S13,My,0.45,0.13848084652361034,0.1252336567448425,0.4732994476531076
S13,My,0.65,0.16407150145589006,0.14416730529552535,0.4988901025853873
S13,My,0.9,0.16761648326179046,0.12716693166218032,0.5024350843912877
S13,My,1.2,0.06999763150860562,0.1482146432746358,0.40481623263810285
