case,axis,bag,dir,truth_mm,mass,mcrit_cosh,err_cosh,mcrit_cosh_cad,err_cosh_cad,mcrit_nls,err_nls,mcrit_pelt_normal,err_pelt_normal,mcrit_pelt_rbf,err_pelt_rbf,mcrit_cusum,err_cusum
S1,Mx,neg_Mx_010,neg,0.0,3.066,-0.9997,-0.83,-0.9911,0.02,-1.0040,-13.15,-1.0173,-27.60,-1.0112,-26.51,-1.0173,-27.60
S1,Mx,neg_Mx_020,neg,0.0,3.066,-0.9995,-1.95,-1.0040,-13.69,-1.0149,-19.39,-1.0281,-35.62,-1.0118,-22.52,-1.0192,-21.07
S1,Mx,neg_Mx_030,neg,0.0,3.066,-1.0090,-21.69,-1.0080,-18.76,-1.0088,-15.20,-1.0272,-35.99,-1.0272,-35.99,-1.0454,-53.33
S1,Mx,neg_Mx_045,neg,0.0,3.066,-1.0095,-20.95,-0.9938,0.38,-0.9936,-0.55,-1.0548,-64.03,-1.0548,-64.03,-1.0653,-72.00
S1,Mx,neg_Mx_065,neg,0.0,3.066,-1.0139,-15.57,-1.0405,-49.44,-1.0139,-15.57,-1.0643,-72.91,-1.0643,-72.91,-1.0842,-92.63
S1,Mx,neg_Mx_090,neg,0.0,3.066,-1.0208,-33.25,-1.0341,-42.52,-1.0208,-33.25,-1.1036,-111.38,-1.1036,-111.38,-1.0999,-101.00
S1,Mx,neg_Mx_120,neg,0.0,3.066,-1.0136,-18.45,-1.0528,-66.07,-1.0136,-18.45,-1.0794,-79.73,-1.1495,-167.28,-1.1369,-147.59
S1,Mx,pos_Mx_010,pos,0.0,3.066,1.0019,13.94,1.0011,4.18,1.0125,16.96,1.0158,23.49,1.0022,11.14,1.0158,23.49
S1,Mx,pos_Mx_020,pos,0.0,3.066,0.9973,-0.88,1.0019,1.11,1.0030,1.44,1.0282,29.00,1.0282,29.00,1.0257,28.39
S1,Mx,pos_Mx_030,pos,0.0,3.066,1.0010,8.45,1.0096,12.57,1.0082,7.42,1.0415,46.84,1.0415,46.84,1.0411,49.64
S1,Mx,pos_Mx_045,pos,0.0,3.066,0.9948,3.67,1.0175,16.35,1.0040,14.73,1.0588,61.67,1.0588,61.67,1.0608,67.16
S1,Mx,pos_Mx_065,pos,0.0,3.066,1.0076,3.46,1.0187,26.45,1.0084,14.76,1.0737,77.86,1.0737,77.86,1.0839,82.09
S1,Mx,pos_Mx_090,pos,0.0,3.066,1.0087,15.52,1.0307,34.47,1.0087,15.52,1.1019,110.79,1.1019,110.79,1.1019,110.79
S1,Mx,pos_Mx_120,pos,0.0,3.066,1.0072,4.38,1.0614,67.38,1.0072,4.38,1.1267,129.97,1.1267,129.97,1.1322,136.21
S1,My,neg_My_010,neg,-6.0,3.066,-1.0659,21.01,-1.0927,-11.27,-1.1012,-14.33,-1.1121,-35.90,-1.1123,-29.69,-1.1121,-35.90
S1,My,neg_My_020,neg,-6.0,3.066,-1.0832,-0.03,-1.0945,-11.89,-1.0945,-11.89,-1.1234,-47.75,-1.0997,0.73,-1.1258,-37.44
S1,My,neg_My_030,neg,-6.0,3.066,-1.0805,-6.96,-1.1020,-17.12,-1.0996,-15.04,-1.1378,-59.25,-1.1101,-30.98,-1.1378,-59.25
S1,My,neg_My_045,neg,-6.0,3.066,-1.0885,-11.92,-1.1147,-24.45,-1.0980,-9.15,-1.1590,-80.70,-1.1182,-34.07,-1.1374,-58.54
S1,My,neg_My_065,neg,-6.0,3.066,-1.0753,4.48,-1.1335,-51.44,-1.0899,-1.97,-1.1877,-102.60,-1.1355,-53.27,-1.1877,-102.60
S1,My,neg_My_120,neg,-6.0,3.066,-1.0781,0.59,-1.1588,-72.77,-1.1009,-21.69,-1.2169,-138.62,-1.2169,-138.62,-1.2050,-129.03
S1,My,pos_My_010,pos,-6.0,3.066,1.4398,1.78,1.4596,7.90,1.4474,-2.87,1.4745,30.36,1.4466,-0.29,1.4623,22.40
S1,My,pos_My_020,pos,-6.0,3.066,1.4381,0.18,1.4679,23.12,1.4679,23.12,1.4767,38.83,1.4767,38.83,1.4807,31.16
S1,My,pos_My_030,pos,-6.0,3.066,1.4412,-2.39,1.4759,31.20,1.4619,19.21,1.4915,47.17,1.4915,47.17,1.4915,47.17
S1,My,pos_My_045,pos,-6.0,3.066,1.4213,-31.06,1.4848,45.43,1.4681,30.45,1.5048,59.93,1.5048,59.93,1.5064,58.69
S1,My,pos_My_065,pos,-6.0,3.066,1.4388,-2.79,1.4911,34.33,1.4532,15.03,1.5103,58.38,1.5103,58.38,1.5512,106.05
S1,My,pos_My_090,pos,-6.0,3.066,1.4415,-5.28,1.5290,91.53,1.4493,-4.88,1.5469,106.42,1.5469,106.42,1.5482,104.90
S1,My,pos_My_120,pos,-6.0,3.066,1.4590,26.00,1.5221,71.23,1.4590,26.00,1.5441,102.64,1.5441,102.64,1.5691,120.07
S2,Mx,neg_Mx_020,neg,10.0,3.066,-0.6807,9.55,-0.7019,-0.84,-0.7163,-25.59,-0.7396,-44.08,-0.7163,-25.59,-0.7386,-50.77
S2,Mx,neg_Mx_030,neg,10.0,3.066,-0.6863,6.45,-0.7275,-35.78,-0.7275,-35.78,-0.7287,-39.70,-0.7287,-39.70,-0.7434,-49.87
S2,Mx,neg_Mx_045,neg,10.0,3.066,-0.6810,15.77,-0.7191,-21.72,-0.6965,-11.31,-0.7443,-54.15,-0.7443,-54.15,-0.7468,-45.83
S2,Mx,neg_Mx_065,neg,10.0,3.066,-0.6780,16.02,-0.7260,-33.64,-0.7059,-20.66,-0.7795,-81.41,-0.7463,-55.70,-0.7748,-78.27
S2,Mx,neg_Mx_090,neg,10.0,3.066,-0.6764,23.54,-0.7165,-19.74,-0.7060,-8.14,-0.7987,-106.29,-0.7987,-106.29,-0.8000,-108.20
S2,Mx,neg_Mx_120,neg,10.0,3.066,-0.6689,29.04,-0.7341,-42.25,-0.6953,-9.79,-0.8017,-112.56,-0.8701,-179.66,-0.8418,-152.18
S2,Mx,pos_Mx_010,pos,10.0,3.066,1.2789,-14.77,1.2881,-12.55,1.3036,9.65,1.3173,18.69,1.3099,13.01,1.3173,18.69
S2,Mx,pos_Mx_020,pos,10.0,3.066,1.2717,-23.15,1.3221,26.44,1.3192,15.92,1.3267,34.47,1.3118,17.52,1.3334,39.01
S2,Mx,pos_Mx_030,pos,10.0,3.066,1.2801,-17.24,1.3158,15.39,1.3036,3.57,1.3303,33.83,1.3192,18.59,1.3488,57.86
S2,Mx,pos_Mx_045,pos,10.0,3.066,1.2864,-4.20,1.3083,11.89,1.3168,29.14,1.3489,60.56,1.3489,60.56,1.3472,50.49
S2,Mx,pos_Mx_065,pos,10.0,3.066,1.2839,-10.42,1.3296,27.40,1.3000,9.72,1.3507,56.54,1.3507,56.54,1.3793,95.80
S2,Mx,pos_Mx_090,pos,10.0,3.066,1.2815,-13.42,1.3387,47.37,1.3123,14.81,1.3807,85.94,1.3807,85.94,1.3810,86.57
S2,Mx,pos_Mx_120,pos,10.0,3.066,1.2789,-18.34,1.3489,52.34,1.2913,-7.58,1.3666,67.25,1.3666,67.25,1.4178,125.08
S2,My,neg_My_010,neg,0.0,3.066,-1.2615,8.75,-1.2824,-23.84,-1.2852,-23.96,-1.2729,-12.21,-1.2829,-12.79,-1.2729,-12.21
S2,My,neg_My_020,neg,0.0,3.066,-1.2557,2.88,-1.2921,-25.13,-1.2875,-22.60,-1.2913,-20.27,-1.2901,-34.81,-1.2913,-20.27
S2,My,neg_My_030,neg,0.0,3.066,-1.2523,22.01,-1.2935,-24.41,-1.2807,-21.54,-1.3066,-53.82,-1.3066,-53.82,-1.3125,-50.36
S2,My,neg_My_045,neg,0.0,3.066,-1.2467,21.32,-1.2975,-26.12,-1.2863,-11.11,-1.3394,-78.47,-1.3076,-26.53,-1.3053,-32.98
S2,My,neg_My_065,neg,0.0,3.066,-1.2560,3.18,-1.3231,-54.52,-1.2648,8.35,-1.3343,-63.03,-1.3343,-63.03,-1.3589,-91.29
S2,My,neg_My_090,neg,0.0,3.066,-1.2542,16.03,-1.3328,-78.50,-1.2697,0.94,-1.3487,-80.63,-1.3487,-80.63,-1.3642,-99.85
S2,My,neg_My_120,neg,0.0,3.066,-1.2365,28.32,-1.3645,-101.67,-1.2841,-21.71,-1.3982,-119.42,-1.3982,-119.42,-1.3963,-123.47
S2,My,pos_My_010,pos,0.0,3.066,1.2586,-11.00,1.2614,-0.05,1.2907,30.70,1.2786,15.27,1.2844,23.41,1.2927,28.29
S2,My,pos_My_020,pos,0.0,3.066,1.2509,-15.80,1.2920,28.88,1.2766,7.47,1.3075,49.13,1.2894,33.63,1.3024,45.05
S2,My,pos_My_030,pos,0.0,3.066,1.2529,-17.10,1.2940,33.21,1.2704,4.36,1.3173,52.18,1.2947,24.34,1.3096,49.21
S2,My,pos_My_045,pos,0.0,3.066,1.2404,-24.68,1.2960,25.13,1.2826,25.37,1.3293,64.49,1.2960,25.13,1.3187,53.93
S2,My,pos_My_065,pos,0.0,3.066,1.2514,-14.69,1.3217,54.91,1.2710,10.94,1.3419,70.95,1.3419,70.95,1.3507,83.84
S2,My,pos_My_090,pos,0.0,3.066,1.2462,-27.92,1.3282,62.44,1.2811,13.73,1.3873,125.18,1.3282,62.44,1.3804,110.44
S2,My,pos_My_120,pos,0.0,3.066,1.2646,10.80,1.3440,82.09,1.2821,21.36,1.3976,129.06,1.3440,82.09,1.3895,121.06
S3,Mx,neg_Mx_010,neg,-5.0,3.066,-1.1269,12.47,-1.1556,-6.05,-1.1791,-46.98,-1.1791,-46.98,-1.1791,-46.98,-1.1625,-16.08
S3,Mx,neg_Mx_020,neg,-5.0,3.066,-1.1206,21.74,-1.1553,-11.61,-1.1627,-19.57,-1.1718,-26.45,-1.1745,-32.44,-1.1995,-58.81
S3,Mx,neg_Mx_030,neg,-5.0,3.066,-1.1144,29.08,-1.1573,-5.09,-1.1573,-5.09,-1.2067,-72.55,-1.1738,-23.21,-1.2055,-65.80
S3,Mx,neg_Mx_045,neg,-5.0,3.066,-1.1163,22.44,-1.1595,-18.72,-1.1585,-18.56,-1.1850,-37.17,-1.1850,-37.17,-1.2046,-62.58
S3,Mx,neg_Mx_065,neg,-5.0,3.066,-1.1241,19.60,-1.1840,-45.51,-1.1339,10.48,-1.2176,-70.54,-1.2008,-53.56,-1.2176,-70.54
S3,Mx,neg_Mx_090,neg,-5.0,3.066,-1.1062,40.46,-1.1833,-43.27,-1.1605,-13.75,-1.2481,-107.60,-1.2179,-69.94,-1.2445,-91.71
S3,Mx,neg_Mx_120,neg,-5.0,3.066,-1.1105,32.42,-1.2079,-59.58,-1.1638,-22.12,-1.2374,-93.61,-1.2374,-93.61,-1.2714,-129.82
S3,Mx,pos_Mx_010,pos,-5.0,3.066,0.8195,-28.96,0.8407,-1.26,0.8702,32.52,0.8777,36.08,0.8573,12.08,0.8605,11.81
S3,Mx,pos_Mx_020,pos,-5.0,3.066,0.8069,-40.77,0.8489,8.92,0.8641,19.64,0.8786,35.70,0.8786,35.70,0.8880,47.94
S3,Mx,pos_Mx_030,pos,-5.0,3.066,0.8170,-31.70,0.8624,24.05,0.8514,7.72,0.8915,41.56,0.8915,41.56,0.8950,56.83
S3,Mx,pos_Mx_045,pos,-5.0,3.066,0.8225,-15.88,0.8709,26.91,0.8456,-3.05,0.9279,87.25,0.8788,36.70,0.9151,75.46
S3,Mx,pos_Mx_065,pos,-5.0,3.066,0.8024,-41.84,0.8667,20.86,0.8427,-2.39,0.9107,70.75,0.8818,44.48,0.9107,70.75
S3,Mx,pos_Mx_090,pos,-5.0,3.066,0.8194,-25.38,0.8854,49.54,0.8646,25.81,0.9665,119.99,0.9665,119.99,0.9400,98.72
S3,Mx,pos_Mx_120,pos,-5.0,3.066,0.8035,-39.50,0.8868,46.25,0.8675,17.86,0.9790,140.83,1.0295,191.34,0.9790,140.83
S3,My,neg_My_010,neg,10.0,3.066,-1.5573,3.01,-1.5623,4.86,-1.5628,4.70,-1.5972,-30.97,-1.5758,-7.99,-1.5739,3.38
S3,My,neg_My_020,neg,10.0,3.066,-1.5645,4.79,-1.5875,-20.09,-1.5875,-20.09,-1.6173,-66.63,-1.6173,-66.63,-1.5853,-23.84
S3,My,neg_My_030,neg,10.0,3.066,-1.5696,-1.78,-1.6005,-42.86,-1.5794,-13.68,-1.6071,-48.25,-1.6071,-48.25,-1.6071,-48.25
S3,My,neg_My_045,neg,10.0,3.066,-1.5784,-13.37,-1.6092,-37.04,-1.5687,3.92,-1.6142,-49.83,-1.6142,-49.83,-1.6211,-58.54
S3,My,neg_My_065,neg,10.0,3.066,-1.5596,15.54,-1.6305,-60.21,-1.5681,6.23,-1.6527,-99.74,-1.6034,-31.16,-1.6527,-99.74
S3,My,neg_My_090,neg,10.0,3.066,-1.5763,-8.99,-1.6256,-54.97,-1.5750,-9.20,-1.6395,-74.53,-1.6395,-74.53,-1.6865,-117.83
S3,My,neg_My_120,neg,10.0,3.066,-1.5849,-21.89,-1.6598,-96.31,-1.5849,-21.89,-1.6724,-109.56,-1.6724,-109.56,-1.7132,-144.51
S3,My,pos_My_010,pos,10.0,3.066,0.9578,-17.37,0.9712,4.27,0.9715,12.69,0.9940,30.70,0.9938,35.33,0.9920,36.18
S3,My,pos_My_020,pos,10.0,3.066,0.9651,10.13,0.9790,14.90,0.9790,14.90,0.9977,39.09,0.9833,25.47,1.0088,39.97
S3,My,pos_My_030,pos,10.0,3.066,0.9676,0.61,0.9729,12.43,0.9780,10.34,1.0150,56.21,1.0150,56.21,1.0160,50.41
S3,My,pos_My_045,pos,10.0,3.066,0.9685,0.90,1.0049,53.37,0.9743,5.36,1.0162,55.59,1.0162,55.59,1.0211,56.20
S3,My,pos_My_065,pos,10.0,3.066,0.9624,-0.52,1.0096,45.20,0.9656,2.70,1.0155,53.51,1.0155,53.51,1.0470,79.55
S3,My,pos_My_090,pos,10.0,3.066,0.9814,15.94,1.0212,50.66,0.9814,15.94,1.0588,83.49,1.0588,83.49,1.0588,83.49
S4,Mx,neg_Mx_010,neg,20.0,3.066,-0.3790,17.89,-0.3919,-6.77,-0.4296,-44.43,-0.4182,-29.61,-0.4296,-44.43,-0.4189,-25.65
S4,Mx,neg_Mx_020,neg,20.0,3.066,-0.3729,21.03,-0.4097,-13.33,-0.3983,-10.60,-0.4185,-26.90,-0.4185,-26.90,-0.4166,-26.75
S4,Mx,neg_Mx_030,neg,20.0,3.066,-0.3777,8.18,-0.4121,-15.68,-0.4106,-16.36,-0.4351,-46.41,-0.4351,-46.41,-0.4440,-46.38
S4,Mx,neg_Mx_045,neg,20.0,3.066,-0.3761,8.92,-0.4059,-8.92,-0.4030,-11.04,-0.4672,-70.13,-0.4672,-70.13,-0.4552,-56.27
S4,Mx,neg_Mx_090,neg,20.0,3.066,-0.3854,14.67,-0.4302,-37.43,-0.4014,1.21,-0.4940,-105.40,-0.6159,-225.39,-0.4857,-93.99
S4,Mx,neg_Mx_120,neg,20.0,3.066,-0.3819,2.84,-0.4344,-41.92,-0.4084,-22.03,-0.5243,-129.57,-0.6594,-271.71,-0.5097,-108.74
S4,Mx,pos_Mx_010,pos,20.0,3.066,1.5792,-17.27,1.5953,-0.16,1.6007,4.74,1.6255,29.31,1.6034,12.09,1.6255,29.31
S4,Mx,pos_Mx_020,pos,20.0,3.066,1.5923,-0.11,1.5979,0.90,1.5968,-2.03,1.6319,42.17,1.6256,27.00,1.6356,43.88
S4,Mx,pos_Mx_030,pos,20.0,3.066,1.5863,-8.32,1.6219,24.22,1.6219,24.22,1.6469,51.48,1.6469,51.48,1.6486,54.07
S4,Mx,pos_Mx_045,pos,20.0,3.066,1.5873,-11.30,1.6228,36.43,1.6084,14.58,1.6500,46.12,1.6377,47.20,1.6568,57.98
S4,Mx,pos_Mx_065,pos,20.0,3.066,1.5751,-26.49,1.6409,38.26,1.6206,28.86,1.6705,83.09,1.6705,83.09,1.6820,87.96
S4,Mx,pos_Mx_090,pos,20.0,3.066,1.6105,14.39,1.6485,49.26,1.6275,30.12,1.6828,85.14,1.6828,85.14,1.7038,107.12
S4,Mx,pos_Mx_120,pos,20.0,3.066,1.6237,36.62,1.6519,50.12,1.6239,36.70,1.6901,93.90,1.6901,93.90,1.7308,136.18
S4,My,neg_My_010,neg,20.0,3.066,-1.8538,14.20,-1.8836,-12.71,-1.8698,-5.01,-1.8959,-33.47,-1.8716,-6.96,-1.8924,-27.16
S4,My,neg_My_020,neg,20.0,3.066,-1.8516,14.02,-1.8750,-6.84,-1.8872,-18.56,-1.8928,-27.49,-1.8928,-27.49,-1.9056,-46.15
S4,My,neg_My_030,neg,20.0,3.066,-1.8500,22.60,-1.8904,-25.58,-1.8855,-26.95,-1.9123,-42.90,-1.8935,-26.56,-1.9206,-51.78
S4,My,neg_My_045,neg,20.0,3.066,-1.8494,21.98,-1.9206,-72.02,-1.8802,-9.19,-1.9257,-59.83,-1.9257,-59.83,-1.9352,-66.61
S4,My,neg_My_065,neg,20.0,3.066,-1.8529,8.77,-1.9202,-50.85,-1.8807,-12.86,-1.9442,-81.09,-1.9111,-46.03,-1.9495,-82.23
S4,My,neg_My_120,neg,20.0,3.066,-1.8489,10.72,-1.9820,-119.72,-1.8986,-45.62,-2.0120,-154.34,-2.0120,-154.34,-1.9914,-122.36
S4,My,pos_My_010,pos,20.0,3.066,0.6545,0.81,0.6754,8.04,0.6676,7.51,0.6820,17.26,0.6788,23.06,0.6794,17.51
S4,My,pos_My_020,pos,20.0,3.066,0.6437,-20.72,0.6763,28.98,0.6763,28.98,0.6803,8.83,0.6773,21.93,0.6942,29.39
S4,My,pos_My_030,pos,20.0,3.066,0.6426,-12.84,0.6878,25.48,0.6841,24.39,0.7087,53.50,0.6896,25.22,0.7214,55.89
S4,My,pos_My_045,pos,20.0,3.066,0.6290,-28.70,0.6893,32.28,0.6743,12.09,0.7180,59.92,0.7085,36.96,0.7180,59.92
S4,My,pos_My_065,pos,20.0,3.066,0.6458,-15.68,0.7186,59.26,0.6748,16.78,0.7506,87.39,0.7506,87.39,0.7399,75.52
S4,My,pos_My_090,pos,20.0,3.066,0.6353,-21.52,0.7168,45.71,0.6916,26.72,0.7608,100.31,0.8407,179.28,0.7639,90.88
S4,My,pos_My_120,pos,20.0,3.066,0.6069,-56.76,0.7471,89.15,0.6803,23.13,0.7759,108.14,0.8514,191.25,0.8110,147.41
S5,Mx,neg_Mx_010,neg,-20.0,3.066,-1.5928,5.13,-1.5910,5.10,-1.6193,-29.36,-1.6014,-1.09,-1.6072,-10.62,-1.6014,-1.09
S5,Mx,neg_Mx_020,neg,-20.0,3.066,-1.5868,4.48,-1.6062,-10.08,-1.6105,-23.52,-1.6225,-27.53,-1.6225,-27.53,-1.6330,-37.96
S5,Mx,neg_Mx_030,neg,-20.0,3.066,-1.5800,16.35,-1.6048,-6.44,-1.6013,-1.75,-1.6368,-35.44,-1.6218,-27.66,-1.6368,-35.44
S5,Mx,neg_Mx_045,neg,-20.0,3.066,-1.5809,5.58,-1.6236,-30.45,-1.5966,1.81,-1.6542,-58.69,-1.6245,-24.82,-1.6544,-57.72
S5,Mx,neg_Mx_065,neg,-20.0,3.066,-1.5748,23.89,-1.6270,-29.72,-1.6015,-1.37,-1.6586,-64.89,-1.6586,-64.89,-1.6816,-85.38
S5,Mx,pos_Mx_010,pos,-20.0,3.066,0.3743,-16.49,0.4047,12.59,0.4091,17.17,0.4155,19.73,0.4155,19.73,0.4172,24.16
S5,Mx,pos_Mx_020,pos,-20.0,3.066,0.3751,-10.63,0.4020,11.10,0.4242,31.72,0.4371,52.76,0.4267,40.05,0.4371,52.76
S5,Mx,pos_Mx_030,pos,-20.0,3.066,0.3881,1.37,0.4089,15.35,0.4204,27.06,0.4109,12.50,0.4109,12.50,0.4312,40.09
S5,Mx,pos_Mx_045,pos,-20.0,3.066,0.3797,-10.62,0.4023,12.40,0.4007,5.91,0.4742,80.00,0.4742,80.00,0.4558,61.89
S5,Mx,pos_Mx_065,pos,-20.0,3.066,0.3497,-38.74,0.4225,23.40,0.3842,-12.26,0.4704,84.36,0.5238,128.52,0.4673,69.19
S5,Mx,pos_Mx_090,pos,-20.0,3.066,0.3660,-24.75,0.4182,25.20,0.4088,25.60,0.4979,100.06,0.5910,197.96,0.4979,100.06
S5,Mx,pos_Mx_120,pos,-20.0,3.066,0.3607,-27.06,0.4356,38.85,0.4146,14.48,0.5181,125.97,0.6214,230.98,0.5245,130.10
S5,My,neg_My_010,neg,20.0,3.066,-1.8675,-0.63,-1.8804,-25.63,-1.8842,-15.18,-1.8780,-1.50,-1.8780,-1.50,-1.8902,-23.91
S5,My,neg_My_020,neg,20.0,3.066,-1.8616,5.09,-1.8959,-37.95,-1.8959,-37.95,-1.8944,-23.83,-1.8916,-26.84,-1.9058,-35.36
S5,My,neg_My_030,neg,20.0,3.066,-1.8688,-0.87,-1.9033,-42.23,-1.8854,-16.75,-1.9059,-45.30,-1.9059,-45.30,-1.9014,-36.13
S5,My,neg_My_045,neg,20.0,3.066,-1.8656,2.85,-1.9175,-56.81,-1.8656,2.85,-1.9326,-74.47,-1.9175,-56.81,-1.9182,-53.03
S5,My,neg_My_065,neg,20.0,3.066,-1.8820,-16.73,-1.9259,-62.77,-1.8820,-16.73,-1.9259,-62.77,-1.9259,-62.77,-1.9338,-59.89
S5,My,neg_My_090,neg,20.0,3.066,-1.8851,-15.16,-1.9425,-72.73,-1.8773,-12.44,-1.9668,-98.66,-1.9668,-98.66,-1.9774,-109.87
S5,My,neg_My_120,neg,20.0,3.066,-1.8925,-21.52,-1.9587,-89.95,-1.8757,0.21,-1.9410,-69.13,-1.9410,-69.13,-2.0107,-152.62
S5,My,pos_My_010,pos,20.0,3.066,0.6582,-5.54,0.6786,11.74,0.6852,17.07,0.6821,17.68,0.6821,17.68,0.7076,35.22
S5,My,pos_My_020,pos,20.0,3.066,0.6613,1.35,0.6745,15.37,0.6777,16.59,0.6864,23.07,0.6864,23.07,0.7101,54.20
S5,My,pos_My_030,pos,20.0,3.066,0.6603,-0.29,0.6852,23.75,0.6898,19.83,0.7124,53.00,0.7124,53.00,0.7199,56.17
S5,My,pos_My_045,pos,20.0,3.066,0.6434,-14.98,0.6948,32.06,0.6727,2.88,0.7183,57.57,0.7183,57.57,0.7259,53.25
S5,My,pos_My_065,pos,20.0,3.066,0.6599,-10.71,0.7173,58.98,0.6684,1.37,0.7449,63.72,0.7449,63.72,0.7449,63.72
S5,My,pos_My_090,pos,20.0,3.066,0.6465,-17.52,0.7134,45.02,0.6751,8.72,0.7597,104.57,0.8562,196.77,0.7597,104.57
S5,My,pos_My_120,pos,20.0,3.066,0.6801,15.10,0.7218,48.18,0.6844,16.37,0.7978,136.69,0.8629,199.75,0.7978,136.69
S6,Mx,neg_Mx_010,neg,20.0,3.066,-0.3656,32.62,-0.3908,7.08,-0.4095,-19.32,-0.4096,-10.38,-0.4078,-15.26,-0.4224,-30.44
S6,Mx,neg_Mx_020,neg,20.0,3.066,-0.3744,8.97,-0.4048,-22.63,-0.4053,-14.10,-0.4349,-42.13,-0.4313,-41.57,-0.4348,-38.57
S6,Mx,neg_Mx_030,neg,20.0,3.066,-0.3894,0.00,-0.4060,-13.66,-0.4135,-21.32,-0.4323,-34.98,-0.4323,-34.98,-0.4470,-59.46
S6,Mx,neg_Mx_045,neg,20.0,3.066,-0.3752,16.49,-0.4108,-18.05,-0.4161,-20.43,-0.4604,-72.01,-0.4826,-90.88,-0.4592,-64.08
S6,Mx,neg_Mx_090,neg,20.0,3.066,-0.3920,-9.29,-0.4158,-15.92,-0.4238,-29.59,-0.5051,-114.47,-0.5908,-200.18,-0.5051,-114.47
S6,Mx,pos_Mx_010,pos,20.0,3.066,1.5833,-17.38,1.5946,0.79,1.6142,22.59,1.6124,19.29,1.6070,15.51,1.6156,18.92
S6,Mx,pos_Mx_020,pos,20.0,3.066,1.5770,-19.68,1.6147,13.17,1.6128,18.24,1.6355,42.17,1.6147,19.27,1.6355,42.17
S6,Mx,pos_Mx_030,pos,20.0,3.066,1.5907,-4.40,1.6041,5.25,1.6081,13.44,1.6393,48.92,1.6195,20.73,1.6441,39.00
S6,Mx,pos_Mx_045,pos,20.0,3.066,1.5897,-4.21,1.6104,11.96,1.5739,-34.89,1.6450,44.44,1.6450,44.44,1.6618,65.25
S6,Mx,pos_Mx_065,pos,20.0,3.066,1.5905,-2.66,1.6402,47.48,1.5998,2.84,1.6614,65.47,1.6614,65.47,1.6637,68.13
S6,Mx,pos_Mx_090,pos,20.0,3.066,1.5954,-4.41,1.6466,53.45,1.5954,-4.41,1.6632,70.34,1.6632,70.34,1.7006,109.68
S6,My,neg_My_010,neg,-20.0,3.066,-0.6614,-0.93,-0.6761,-1.62,-0.6918,-29.73,-0.6919,-22.62,-0.6723,-9.12,-0.6919,-22.62
S6,My,neg_My_020,neg,-20.0,3.066,-0.6465,17.63,-0.6681,-4.00,-0.6906,-27.31,-0.6904,-20.50,-0.6904,-20.50,-0.6929,-27.84
S6,My,neg_My_030,neg,-20.0,3.066,-0.6507,20.33,-0.6803,-10.66,-0.6606,4.62,-0.6985,-35.58,-0.6985,-35.58,-0.7151,-43.16
S6,My,neg_My_045,neg,-20.0,3.066,-0.6533,11.23,-0.6930,-26.94,-0.6715,-4.14,-0.7311,-65.24,-0.7044,-38.94,-0.7332,-65.17
S6,My,neg_My_065,neg,-20.0,3.066,-0.6643,3.21,-0.7037,-45.25,-0.6719,-5.49,-0.7268,-62.91,-0.7268,-62.91,-0.7454,-90.44
S6,My,neg_My_090,neg,-20.0,3.066,-0.6555,2.24,-0.7266,-56.43,-0.6740,-13.06,-0.7791,-117.21,-0.8170,-159.13,-0.7679,-103.79
S6,My,neg_My_120,neg,-20.0,3.066,-0.6461,21.00,-0.7233,-49.71,-0.6831,-18.21,-0.7838,-114.58,-0.8405,-176.95,-0.7758,-117.25
S6,My,pos_My_010,pos,-20.0,3.066,1.8671,-9.45,1.8666,-0.05,1.8650,-6.24,1.8926,24.83,1.8926,24.83,1.8797,11.08
S6,My,pos_My_020,pos,-20.0,3.066,1.8769,18.75,1.8955,38.34,1.8955,38.34,1.9006,38.10,1.9006,38.10,1.9007,35.22
S6,My,pos_My_030,pos,-20.0,3.066,1.8659,2.33,1.8891,15.83,1.8715,0.34,1.9135,47.70,1.9155,60.90,1.9135,47.70
S6,My,pos_My_045,pos,-20.0,3.066,1.8664,-6.67,1.8922,11.78,1.8861,24.72,1.9397,78.31,1.9244,75.93,1.9397,78.31
S6,My,pos_My_065,pos,-20.0,3.066,1.8664,-6.03,1.9207,52.19,1.8780,9.86,1.9538,89.24,1.9149,38.28,1.9391,70.68
S6,My,pos_My_090,pos,-20.0,3.066,1.8848,25.87,1.9424,68.07,1.8916,27.01,1.9497,79.25,1.9497,79.25,1.9663,97.12
S6,My,pos_My_120,pos,-20.0,3.066,1.8812,8.26,1.9709,110.15,1.8803,8.45,1.9810,104.78,1.9375,70.15,1.9810,104.78
S7,Mx,neg_Mx_010,neg,-20.0,3.066,-1.5946,3.82,-1.5917,7.47,-1.6104,-13.17,-1.6077,-15.61,-1.5995,-1.70,-1.6199,-32.41
S7,Mx,neg_Mx_020,neg,-20.0,3.066,-1.6063,-7.73,-1.6211,-28.77,-1.6005,-8.70,-1.6445,-53.05,-1.6174,-26.38,-1.6339,-42.15
S7,Mx,neg_Mx_030,neg,-20.0,3.066,-1.6111,-16.91,-1.6214,-19.16,-1.6178,-22.50,-1.6454,-54.39,-1.5925,8.05,-1.6486,-56.45
S7,Mx,neg_Mx_045,neg,-20.0,3.066,-1.6172,-22.83,-1.6168,-22.38,-1.6094,-12.42,-1.6436,-41.40,-1.6436,-41.40,-1.6582,-66.85
S7,Mx,neg_Mx_065,neg,-20.0,3.066,-1.6238,-35.86,-1.6457,-52.05,-1.5916,1.12,-1.6757,-85.38,-1.6757,-85.38,-1.6711,-84.07
S7,Mx,neg_Mx_090,neg,-20.0,3.066,-1.6280,-29.07,-1.6504,-55.98,-1.6280,-29.07,-1.6970,-99.35,-1.6504,-55.98,-1.7025,-105.21
S7,Mx,neg_Mx_120,neg,-20.0,3.066,-1.6314,-41.10,-1.6676,-75.67,-1.6267,-40.71,-1.6909,-92.84,-1.6909,-92.84,-1.6992,-99.93
S7,Mx,pos_Mx_010,pos,-20.0,3.066,0.3876,0.02,0.3951,4.24,0.3987,8.81,0.4164,26.88,0.3967,2.15,0.4225,28.70
S7,Mx,pos_Mx_020,pos,-20.0,3.066,0.3984,8.51,0.4042,14.33,0.4050,10.95,0.4298,39.52,0.4298,39.52,0.4261,38.19
S7,Mx,pos_Mx_030,pos,-20.0,3.066,0.3960,2.54,0.4002,6.98,0.4002,6.98,0.4302,39.48,0.4240,32.40,0.4402,47.87
S7,Mx,pos_Mx_045,pos,-20.0,3.066,0.3957,7.62,0.3990,6.78,0.3957,7.62,0.4418,46.58,0.4732,81.87,0.4418,46.58
S7,Mx,pos_Mx_120,pos,-20.0,3.066,0.4137,30.57,0.4324,43.08,0.4137,30.57,0.5250,131.78,0.6637,263.62,0.5282,136.96
S7,My,neg_My_010,neg,-20.0,3.066,-0.6648,5.84,-0.6852,-21.95,-0.6874,-23.84,-0.6763,-12.50,-0.6597,4.67,-0.6878,-28.81
S7,My,neg_My_020,neg,-20.0,3.066,-0.6591,5.21,-0.6762,-18.27,-0.6762,-18.27,-0.6914,-26.92,-0.6897,-28.15,-0.6933,-28.88
S7,My,neg_My_030,neg,-20.0,3.066,-0.6567,-3.66,-0.6899,-28.48,-0.6770,-14.66,-0.7207,-53.23,-0.6967,-32.49,-0.7085,-47.84
S7,My,neg_My_045,neg,-20.0,3.066,-0.6425,16.82,-0.6844,-22.48,-0.6757,-5.34,-0.7304,-64.28,-0.7304,-64.28,-0.7022,-44.13
S7,My,neg_My_065,neg,-20.0,3.066,-0.6716,-4.23,-0.7044,-40.37,-0.6716,-4.23,-0.7425,-83.88,-0.7425,-83.88,-0.7388,-76.26
S7,My,neg_My_090,neg,-20.0,3.066,-0.6814,-17.12,-0.7197,-58.54,-0.6919,-17.95,-0.7312,-72.75,-0.7981,-137.24,-0.7717,-108.56
S7,My,neg_My_120,neg,-20.0,3.066,-0.6736,-5.29,-0.7541,-93.21,-0.6736,-5.29,-0.8054,-143.53,-0.8724,-216.67,-0.7848,-115.96
S7,My,pos_My_010,pos,-20.0,3.066,1.8549,-18.21,1.8968,39.32,1.8867,12.05,1.8860,19.58,1.8784,2.96,1.8820,22.89
S7,My,pos_My_020,pos,-20.0,3.066,1.8691,-11.98,1.8858,19.01,1.8663,2.87,1.8936,17.46,1.8858,19.01,1.9004,26.55
S7,My,pos_My_030,pos,-20.0,3.066,1.8731,0.42,1.8943,30.85,1.8764,10.66,1.9132,52.64,1.8987,30.35,1.9132,52.64
S7,My,pos_My_045,pos,-20.0,3.066,1.8769,20.97,1.9084,42.64,1.8769,20.97,1.9177,45.09,1.9027,42.72,1.9177,45.09
S7,My,pos_My_065,pos,-20.0,3.066,1.8847,20.30,1.9240,57.39,1.8641,1.71,1.9328,71.52,1.9328,71.52,1.9688,109.07
S7,My,pos_My_120,pos,-20.0,3.066,1.9203,59.65,1.9591,99.34,1.8987,27.17,2.0161,153.42,1.9591,99.34,2.0036,141.76
S8,Mx,neg_Mx_010,neg,25.0,3.066,-0.2400,8.35,-0.2469,-6.93,-0.2654,-23.40,-0.2629,-19.54,-0.2629,-19.54,-0.2724,-28.04
S8,Mx,neg_Mx_020,neg,25.0,3.066,-0.2471,-4.97,-0.2600,-23.55,-0.2620,-24.36,-0.2769,-27.74,-0.3157,-74.15,-0.2876,-54.23
S8,Mx,neg_Mx_030,neg,25.0,3.066,-0.2476,-5.84,-0.2617,-15.09,-0.2576,-11.80,-0.2876,-42.58,-0.3187,-73.15,-0.2869,-38.92
S8,Mx,neg_Mx_045,neg,25.0,3.066,-0.2444,4.52,-0.2545,-13.84,-0.2550,-11.94,-0.3043,-63.55,-0.3462,-103.68,-0.3028,-59.03
S8,Mx,neg_Mx_065,neg,25.0,3.066,-0.2390,-0.13,-0.2803,-39.60,-0.2590,-15.59,-0.3142,-67.33,-0.4255,-180.42,-0.3195,-84.41
S8,Mx,neg_Mx_090,neg,25.0,3.066,-0.2434,-25.07,-0.2865,-50.55,-0.2584,-25.75,-0.3629,-115.15,-0.4684,-227.28,-0.3430,-105.32
S8,Mx,neg_Mx_120,neg,25.0,3.066,-0.2332,-35.97,-0.2709,-52.20,-0.2545,-56.44,-0.3608,-124.60,-0.4774,-232.87,-0.3350,-95.77
S8,Mx,pos_Mx_010,pos,25.0,3.066,1.7439,-4.33,1.7433,-5.49,1.7596,15.75,1.7624,22.74,1.7675,27.51,1.7551,10.40
S8,Mx,pos_Mx_020,pos,25.0,3.066,1.7590,15.28,1.7564,11.31,1.7621,12.73,1.7874,42.91,1.7676,17.55,1.8009,61.56
S8,Mx,pos_Mx_030,pos,25.0,3.066,1.7665,23.52,1.7601,20.21,1.7443,-3.63,1.7777,23.06,1.7738,32.94,1.7963,52.48
S8,Mx,pos_Mx_045,pos,25.0,3.066,1.7566,9.90,1.7702,19.30,1.7569,9.79,1.7786,21.85,1.7786,21.85,1.8071,65.04
S8,Mx,pos_Mx_065,pos,25.0,3.066,1.7636,14.77,1.7925,50.56,1.7563,6.78,1.8076,55.74,1.8076,55.74,1.8128,62.95
S8,Mx,pos_Mx_090,pos,25.0,3.066,1.7601,11.75,1.8022,53.30,1.7601,11.75,1.8351,88.27,1.8351,88.27,1.8552,111.38
S8,My,neg_My_010,neg,25.0,3.066,-2.0205,1.95,-2.0233,-6.69,-2.0444,-34.94,-2.0365,-17.01,-2.0320,-19.87,-2.0393,-23.70
S8,My,neg_My_020,neg,25.0,3.066,-2.0068,11.16,-2.0322,-16.69,-2.0523,-47.70,-2.0635,-48.93,-2.0393,-29.30,-2.0566,-42.45
S8,My,neg_My_030,neg,25.0,3.066,-2.0178,3.72,-2.0414,-14.09,-2.0385,-14.71,-2.0622,-41.89,-2.0622,-41.89,-2.0519,-27.48
S8,My,neg_My_090,neg,25.0,3.066,-2.0020,22.44,-2.1051,-89.92,-2.0494,-30.21,-2.1051,-89.92,-2.1051,-89.92,-2.1191,-102.91
S8,My,neg_My_120,neg,25.0,3.066,-2.0040,21.03,-2.1227,-112.32,-2.0525,-40.63,-2.1535,-133.12,-2.0964,-80.28,-2.1430,-133.05
S8,My,pos_My_010,pos,25.0,3.066,0.4992,-5.98,0.5223,14.71,0.5435,35.48,0.5364,34.11,0.5215,5.95,0.5275,18.29
S8,My,pos_My_020,pos,25.0,3.066,0.4900,-28.35,0.5235,20.14,0.5443,30.79,0.5415,40.67,0.5238,10.63,0.5510,33.45
S8,My,pos_My_045,pos,25.0,3.066,0.4916,-3.48,0.5313,30.19,0.5214,0.78,0.5696,55.59,0.5696,55.59,0.5696,55.59
S8,My,pos_My_065,pos,25.0,3.066,0.4944,-17.69,0.5537,43.87,0.5117,-13.61,0.5869,73.98,0.6348,123.77,0.6010,88.74
S8,My,pos_My_090,pos,25.0,3.066,0.5001,-12.70,0.5698,59.13,0.5238,8.68,0.5980,96.79,0.6840,173.71,0.6210,105.64
S8,My,pos_My_120,pos,25.0,3.066,0.4840,-37.02,0.5965,86.65,0.5450,23.64,0.6027,89.61,0.7100,194.13,0.6387,119.60
S9,Mx,neg_Mx_010,neg,32.0,3.066,-0.0552,-19.91,-0.0274,1.13,-0.0274,1.13,-0.0581,-27.38,-0.0836,-55.40,-0.0715,-38.82
S9,Mx,neg_Mx_045,neg,32.0,3.066,-0.1591,-129.49,-0.0548,-0.33,-0.0369,351.87,-0.1417,-118.01,-0.2000,-170.56,-0.0839,-110.98
S9,Mx,neg_Mx_065,neg,32.0,3.066,-0.1960,-170.12,-0.1222,-138.45,-0.0821,-28.06,-0.2260,-188.33,-0.2509,-223.80,-0.1294,-149.97
S9,Mx,neg_Mx_090,neg,32.0,3.066,-0.2562,-230.30,-0.0877,23.90,-0.0380,399.64,-0.1543,-180.38,-0.3018,-272.68,-0.1543,-180.38
S9,Mx,pos_Mx_010,pos,32.0,3.066,1.9938,31.64,1.9526,-8.26,1.9668,6.35,1.9914,40.55,1.9668,6.35,1.9780,19.08
S9,Mx,pos_Mx_020,pos,32.0,3.066,2.0356,85.48,1.9779,16.44,1.9828,30.74,1.9891,30.18,1.9713,11.83,1.9971,36.42
S9,Mx,pos_Mx_030,pos,32.0,3.066,2.0544,102.40,1.9625,4.41,1.9682,4.89,2.0115,64.97,2.0115,64.97,1.9972,37.92
S9,Mx,pos_Mx_045,pos,32.0,3.066,2.0987,142.46,1.9872,28.85,1.9626,15.68,2.0060,40.66,1.9905,34.01,2.0113,47.41
S9,Mx,pos_Mx_065,pos,32.0,3.066,2.1486,185.41,1.9842,27.70,1.9599,3.06,2.0127,61.30,2.0127,61.30,2.0304,70.02
S9,Mx,pos_Mx_090,pos,32.0,3.066,2.1703,214.82,1.9887,33.53,1.9662,11.40,2.0439,86.70,2.0439,86.70,2.0439,86.70
S9,Mx,pos_Mx_120,pos,32.0,3.066,2.1768,220.70,2.0053,44.28,1.9964,37.65,2.0457,85.29,2.0457,85.29,2.0892,134.77
S9,My,neg_My_010,neg,32.0,3.066,-2.2292,-6.43,-2.2413,-12.25,-2.2574,-30.78,-2.2374,-5.92,-2.2413,-12.25,-2.2558,-30.32
S9,My,neg_My_020,neg,32.0,3.066,-2.2300,-7.85,-2.2463,-18.21,-2.2601,-43.15,-2.2641,-40.28,-2.2628,-44.72,-2.2587,-31.40
S9,My,neg_My_030,neg,32.0,3.066,-2.2418,-13.21,-2.2601,-36.33,-2.2471,-16.36,-2.2723,-39.75,-2.2471,-16.36,-2.2905,-73.58
S9,My,neg_My_045,neg,32.0,3.066,-2.2651,-44.77,-2.2800,-61.76,-2.2639,-41.43,-2.2962,-72.62,-2.2807,-62.63,-2.3000,-72.72
S9,My,neg_My_065,neg,32.0,3.066,-2.2535,-29.01,-2.2924,-70.31,-2.2535,-29.01,-2.3135,-84.80,-2.2805,-49.79,-2.3135,-84.80
S9,My,neg_My_090,neg,32.0,3.066,-2.2754,-47.45,-2.3092,-81.39,-2.3092,-81.39,-2.3376,-106.48,-2.2835,-57.25,-2.3376,-106.48
S9,My,neg_My_120,neg,32.0,3.066,-2.2867,-69.34,-2.3006,-75.26,-2.2660,-44.59,-2.3403,-106.15,-2.3403,-106.15,-2.3676,-142.67
S9,My,pos_My_010,pos,32.0,3.066,0.3017,-1.42,0.3201,14.44,0.3146,14.10,0.3146,14.10,0.3146,14.10,0.3140,8.20
S9,My,pos_My_030,pos,32.0,3.066,0.3012,-4.93,0.3162,9.26,0.3213,26.15,0.3439,38.94,0.3543,55.29,0.3543,55.29
S9,My,pos_My_045,pos,32.0,3.066,0.3070,15.10,0.3370,26.05,0.3460,44.54,0.3687,63.65,0.4125,118.21,0.3808,78.30
S9,My,pos_My_090,pos,32.0,3.066,0.3102,2.39,0.3689,62.53,0.3591,46.11,0.3856,88.04,0.5360,239.00,0.3983,89.19
S9,My,pos_My_120,pos,32.0,3.066,0.3158,35.84,0.3651,77.88,0.3651,77.88,0.4157,107.35,0.6112,318.97,0.4106,115.00
S11,Mx,neg_Mx_010,neg,14.0,3.066,-0.5706,8.02,-0.5864,-20.16,-0.5728,0.15,-0.5910,-21.17,-0.5915,-15.18,-0.6028,-26.89
S11,Mx,neg_Mx_045,neg,14.0,3.066,-0.5670,-3.34,-0.5897,-19.81,-0.5761,3.75,-0.6426,-66.93,-0.6426,-66.93,-0.6409,-65.58
S11,Mx,neg_Mx_065,neg,14.0,3.066,-0.5695,10.67,-0.5898,-15.90,-0.5893,-17.20,-0.6373,-66.22,-0.6751,-109.93,-0.6502,-83.51
S11,Mx,neg_Mx_090,neg,14.0,3.066,-0.5631,7.98,-0.6070,-24.23,-0.5942,-14.70,-0.6473,-74.12,-0.7441,-174.87,-0.6739,-99.15
S11,Mx,neg_Mx_120,neg,14.0,3.066,-0.5846,-12.33,-0.6191,-47.43,-0.6077,-33.61,-0.7116,-133.48,-0.7720,-196.07,-0.6858,-109.17
S11,Mx,pos_Mx_010,pos,14.0,3.066,1.4143,1.88,1.4126,-5.02,1.4431,31.45,1.4351,16.58,1.4300,15.70,1.4311,15.15
S11,Mx,pos_Mx_020,pos,14.0,3.066,1.4405,36.26,1.4329,16.37,1.4370,16.98,1.4406,26.91,1.4283,17.28,1.4503,28.41
S11,Mx,pos_Mx_030,pos,14.0,3.066,1.4113,-5.44,1.4369,27.50,1.4369,27.50,1.4569,41.02,1.4566,42.16,1.4651,51.03
S11,Mx,pos_Mx_045,pos,14.0,3.066,1.4241,12.46,1.4514,43.06,1.4233,13.53,1.4646,48.21,1.4646,48.21,1.4906,80.91
S11,Mx,pos_Mx_065,pos,14.0,3.066,1.4224,4.97,1.4491,31.25,1.4166,-4.55,1.4876,68.09,1.4656,48.80,1.4876,68.09
S11,Mx,pos_Mx_090,pos,14.0,3.066,1.4400,33.41,1.4714,59.56,1.4400,33.41,1.5050,95.52,1.5050,95.52,1.5194,104.31
S11,Mx,pos_Mx_120,pos,14.0,3.066,1.4309,20.52,1.4612,36.17,1.4397,21.16,1.5203,97.13,1.5203,97.13,1.5203,97.13
S11,My,neg_My_010,neg,38.0,3.066,-2.4449,-44.96,-2.4290,-28.81,-2.4251,-18.36,-2.4329,-33.99,-2.4191,-7.10,-2.4264,-14.08
S11,My,neg_My_020,neg,38.0,3.066,-2.4596,-49.52,-2.4389,-38.23,-2.4294,-22.48,-2.4467,-35.48,-2.4214,-8.13,-2.4380,-29.51
S11,My,neg_My_030,neg,38.0,3.066,-2.5039,-104.97,-2.4402,-38.20,-2.4218,-18.83,-2.4726,-73.35,-2.4416,-47.21,-2.4551,-43.28
S11,My,neg_My_045,neg,38.0,3.066,-2.5356,-135.05,-2.4595,-58.33,-2.4163,-4.73,-2.4595,-58.33,-2.4318,-25.66,-2.4761,-68.85
S11,My,neg_My_065,neg,38.0,3.066,-2.5352,-120.58,-2.4525,-36.12,-2.4178,-18.32,-2.4773,-75.85,-2.4773,-75.85,-2.4907,-90.43
S11,My,neg_My_090,neg,38.0,3.066,-2.5431,-135.65,-2.4596,-52.39,-2.4262,-18.05,-2.5211,-116.99,-2.4596,-52.39,-2.5320,-126.36
S11,My,neg_My_120,neg,38.0,3.066,-2.5347,-125.08,-2.4674,-57.38,-2.4323,-11.93,-2.5137,-113.47,-2.5137,-113.47,-2.5347,-125.08
S11,My,pos_My_010,pos,38.0,3.066,0.1499,38.04,0.1392,4.57,0.1440,19.46,0.1465,32.07,0.1459,22.06,0.1459,22.06
S11,My,pos_My_020,pos,38.0,3.066,0.1685,42.93,0.1245,0.03,0.1395,24.13,0.1499,23.96,0.1939,76.33,0.1618,44.06
S11,My,pos_My_030,pos,38.0,3.066,0.1825,64.75,0.1406,7.65,0.1394,-1.08,0.1714,56.89,0.2275,104.20,0.1766,62.78
S11,My,pos_My_045,pos,38.0,3.066,0.2045,75.98,0.1331,18.70,0.1165,29.01,0.2135,92.91,0.2525,128.79,0.1923,75.35
S11,My,pos_My_090,pos,38.0,3.066,0.2613,136.96,0.1522,107.39,0.0492,-461.11,0.1787,111.61,0.3713,252.93,0.1658,111.34
S11,My,pos_My_120,pos,38.0,3.066,0.3198,225.18,0.3198,225.18,0.2264,166.30,0.4549,323.42,0.5340,411.15,0.3198,225.18
S13,Mx,neg_Mx_010,neg,25.0,3.22,-0.3718,-9.00,-0.3875,-21.96,-0.3634,9.85,-0.4036,-35.89,-0.3855,-23.51,-0.3902,-25.61
S13,Mx,neg_Mx_020,neg,25.0,3.22,-0.3826,-17.53,-0.3942,-28.37,-0.3970,-20.48,-0.4140,-39.91,-0.3835,-12.72,-0.4089,-39.21
S13,Mx,neg_Mx_030,neg,25.0,3.22,-0.3687,-10.90,-0.3905,-14.50,-0.3914,-27.39,-0.3992,-25.93,-0.3992,-25.93,-0.4223,-52.00
S13,Mx,neg_Mx_045,neg,25.0,3.22,-0.3743,-6.39,-0.3906,-20.15,-0.3924,-23.49,-0.4288,-64.58,-0.4469,-73.32,-0.4450,-81.40
S13,Mx,neg_Mx_065,neg,25.0,3.22,-0.3844,-12.51,-0.3924,-20.91,-0.3844,-12.51,-0.4703,-93.99,-0.5193,-150.20,-0.4602,-85.79
S13,Mx,pos_Mx_010,pos,25.0,3.22,1.9661,21.11,1.9613,12.24,1.9645,17.17,1.9665,15.87,1.9547,7.61,1.9665,15.87
S13,Mx,pos_Mx_020,pos,25.0,3.22,1.9858,47.64,1.9675,14.99,1.9629,13.71,1.9776,25.88,1.9776,25.88,1.9857,33.70
S13,Mx,pos_Mx_030,pos,25.0,3.22,1.9588,-0.84,1.9668,18.82,1.9588,-0.84,1.9817,34.17,1.9817,34.17,2.0056,47.51
S13,Mx,pos_Mx_045,pos,25.0,3.22,1.9675,22.81,1.9701,15.06,1.9698,22.38,2.0127,62.00,1.9701,15.06,2.0094,56.24
S13,Mx,pos_Mx_065,pos,25.0,3.22,1.9781,29.83,1.9822,34.58,1.9708,24.27,2.0059,48.23,1.9915,39.48,2.0303,82.74
S13,Mx,pos_Mx_090,pos,25.0,3.22,1.9683,16.04,1.9977,51.55,1.9923,51.79,2.0626,117.41,2.0147,59.49,2.0626,117.41
S13,Mx,pos_Mx_120,pos,25.0,3.22,1.9683,20.15,1.9975,53.24,1.9856,34.67,2.0555,111.87,2.0555,111.87,2.0789,131.47
S13,My,neg_My_010,neg,25.0,3.22,-2.2580,-1.31,-2.2822,-27.33,-2.2816,-18.51,-2.2881,-22.42,-2.2742,3.46,-2.2795,-2.91
S13,My,neg_My_020,neg,25.0,3.22,-2.2498,23.57,-2.2927,-35.17,-2.2770,-15.43,-2.3030,-33.52,-2.2858,-19.38,-2.3041,-38.50
S13,My,neg_My_030,neg,25.0,3.22,-2.2494,27.55,-2.2890,-20.79,-2.2685,2.77,-2.3002,-38.72,-2.3002,-38.72,-2.3075,-37.10
S13,My,neg_My_045,neg,25.0,3.22,-2.2612,-1.51,-2.3091,-51.45,-2.2759,-3.09,-2.3121,-49.73,-2.3121,-49.73,-2.3294,-63.72
S13,My,neg_My_120,neg,25.0,3.22,-2.2764,-7.28,-2.3517,-83.65,-2.2997,-36.06,-2.3709,-106.79,-2.3709,-106.79,-2.3914,-127.59
S13,My,pos_My_010,pos,25.0,3.22,0.6660,-29.18,0.6865,-4.38,0.7072,23.66,0.7063,27.68,0.6857,5.61,0.7063,27.68
S13,My,pos_My_020,pos,25.0,3.22,0.6658,-21.55,0.7197,38.51,0.6848,-10.35,0.7187,27.14,0.7187,27.14,0.7283,50.35
S13,My,pos_My_030,pos,25.0,3.22,0.6575,-22.52,0.7159,32.26,0.7089,27.26,0.7282,44.58,0.7282,44.58,0.7419,57.67
S13,My,pos_My_045,pos,25.0,3.22,0.6681,-24.54,0.7253,48.08,0.6979,7.31,0.7517,66.02,0.7238,38.73,0.7453,64.55
S13,My,pos_My_065,pos,25.0,3.22,0.6410,-36.43,0.7245,29.52,0.6830,1.38,0.7575,73.03,0.7575,73.03,0.7753,88.31
S13,My,pos_My_090,pos,25.0,3.22,0.6460,-32.62,0.7250,42.87,0.7047,30.36,0.7837,108.84,0.8271,140.06,0.8019,122.71
