case,ax,rate,res,cap
S1,Mx,0.1,0.3025312121947192,1.006581636543748
S1,Mx,0.2,0.24229515473851557,0.6399326109177337
S1,Mx,0.3,0.21729128249708876,0.5069301119575444
S1,Mx,0.45,0.13550475734998335,0.41174679987342133
S1,Mx,0.65,0.11562185964317889,0.3488236859481849
S1,Mx,0.9,0.10787847870444,0.29899605778978544
S1,Mx,1.2,0.13574232043504245,0.28793914972546836
S1,Mx,0.1,0.5102932391537282,1.0132999866437622
S1,Mx,0.2,0.3269196680247855,0.637811235704568
S1,Mx,0.3,0.1259141216514131,0.5002944507781304
S1,Mx,0.45,0.13522574144584748,0.40998788890651583
S1,Mx,0.65,0.1252440363689483,0.34218048091778697
S1,Mx,0.9,0.11661629983240708,0.30858203919034377
S1,Mx,1.2,0.11602138866163023,0.27904580039625027
S1,My,0.1,0.4641358025030535,1.2294576186902606
S1,My,0.2,0.3656541169049782,0.7860621428451505
S1,My,0.3,0.22964919588891203,0.6112714743039895
S1,My,0.45,0.17798148352041893,0.5067962560727236
S1,My,0.65,0.16388360955305767,0.4384105099713518
S1,My,0.9,0.17242934564467033,0.3845572521225462
S1,My,1.2,0.1844713623815531,0.3736738792174754
S1,My,0.1,0.4630307302929477,1.2296145033921528
S1,My,0.2,0.3865633202997354,0.7830198625628495
S1,My,0.3,0.2556918464006395,0.6176168580668524
S1,My,0.45,0.1761198661631554,0.5093502295869865
S1,My,0.65,0.16718431572964598,0.44648980879374217
S1,My,0.9,0.1658558182246895,0.38755240563938936
S1,My,1.2,0.20170278028065367,0.37599361489104327
S2,Mx,0.1,0.576126559689801,1.0977068956121507
S2,Mx,0.2,0.3547240624385537,0.6932378058789839
S2,Mx,0.3,0.2033977801823346,0.5589571259674031
S2,Mx,0.45,0.1824185334582626,0.4518613021315404
S2,Mx,0.65,0.13814665899140757,0.39066561195666605
S2,Mx,0.9,0.1789968488424254,0.3573797211575038
S2,Mx,1.2,0.1593198724298269,0.32047118759281484
S2,Mx,0.1,0.2924578385738669,1.0932184431142327
S2,Mx,0.2,0.24540585500087916,0.7054559577696716
S2,Mx,0.3,0.2268531455039,0.5520535901729645
S2,Mx,0.45,0.14710650134337136,0.4564177671251344
S2,Mx,0.65,0.16765718606014074,0.39288142683431015
S2,Mx,0.9,0.15470572858115872,0.3654653576232677
S2,Mx,1.2,0.17592696416992484,0.337176732715507
S2,My,0.1,0.6025982621704682,1.1854388794670223
S2,My,0.2,0.475750723000108,0.7395355660361642
S2,My,0.3,0.16528679188974488,0.5826258203673251
S2,My,0.45,0.14070650656707565,0.47544734052626614
S2,My,0.65,0.12771026902299318,0.39626197137957997
S2,My,0.9,0.11664291208789962,0.34299234428262027
S2,My,1.2,0.1407512348209922,0.3206390089204243
S2,My,0.1,0.5753984824955137,1.1785496655674481
S2,My,0.2,0.3042236175651238,0.7440673921375278
S2,My,0.3,0.1937204067910028,0.5867114670464182
S2,My,0.45,0.13080558346702792,0.4709196983351179
S2,My,0.65,0.12802199748049004,0.40865059399746806
S2,My,0.9,0.12338764807164694,0.35295986980801874
S2,My,1.2,0.14353956107583285,0.3212146558985283
S3,Mx,0.1,0.5092636565887707,1.0499675314179835
S3,Mx,0.2,0.31937488956688176,0.6541131877671331
S3,Mx,0.3,0.24715708749324908,0.5246063714775768
S3,Mx,0.45,0.12463503776588457,0.4336535540189965
S3,Mx,0.65,0.1309396625837304,0.36214575731953147
S3,Mx,0.9,0.12173064307722939,0.31471984145873444
S3,Mx,1.2,0.13600444871826498,0.2985082312825351
S3,Mx,0.1,0.3539476115271059,1.0527502741851118
S3,Mx,0.2,0.42953803449063493,0.6658882051544225
S3,Mx,0.3,0.12824826457789712,0.5222967616868949
S3,Mx,0.45,0.11990382384380893,0.4272011937390196
S3,Mx,0.65,0.10785953064875459,0.34509250567944194
S3,Mx,0.9,0.10522327812693259,0.30342801140469766
S3,Mx,1.2,0.12837171489760188,0.2900788274574519
S3,My,0.1,0.41166741578498145,1.2563777083115124
S3,My,0.2,0.3881340219166922,0.7822245369612312
S3,My,0.3,0.19305680870248634,0.6112984085548289
S3,My,0.45,0.11634605074926774,0.4899366585378049
S3,My,0.65,0.12523942537379631,0.4214316502967146
S3,My,0.9,0.12957647471546796,0.3679834898559118
S3,My,1.2,0.12065233781345111,0.3256646100478666
S3,My,0.1,0.38415856354979805,1.26292703763737
S3,My,0.2,0.2980092963005469,0.7833123319310824
S3,My,0.3,0.16060886334439473,0.6098684049233856
S3,My,0.45,0.13887024421186175,0.4933509058377401
S3,My,0.65,0.10452181394142683,0.4029478706270455
S3,My,0.9,0.13056334448278664,0.3744792290448706
S3,My,1.2,0.19755362968465578,0.33691822921750963
S4,Mx,0.1,0.48918870051012747,1.171869354399301
S4,Mx,0.2,0.3948284476905227,0.7295325501540976
S4,Mx,0.3,0.23699303457031234,0.5788266031025919
S4,Mx,0.45,0.11802956790107517,0.46580955459061435
S4,Mx,0.65,0.12165194436057272,0.4001464919368193
S4,Mx,0.9,0.10430690663767546,0.32532595291418054
S4,Mx,1.2,0.12411667839886634,0.30842407197079924
S4,Mx,0.1,0.3529794650630474,1.1707591184321635
S4,Mx,0.2,0.30554685058856024,0.7303223384465849
S4,Mx,0.3,0.30015647781872545,0.5772047766219879
S4,Mx,0.45,0.11974945369440772,0.46365541390680487
S4,Mx,0.65,0.12730620506326054,0.39856943648377147
S4,Mx,0.9,0.12844273940526557,0.35366665909016737
S4,Mx,1.2,0.12946710377363646,0.29945617906816535
S4,My,0.1,0.37124570341484825,1.3317474242427214
S4,My,0.2,0.31919674051262276,0.8264964809564548
S4,My,0.3,0.23274383183864353,0.6426443036175871
S4,My,0.45,0.11869675636399955,0.5211941619985494
S4,My,0.65,0.1213841076047134,0.436750195635076
S4,My,0.9,0.12033730040754552,0.3749857972668196
S4,My,1.2,0.1258393209404249,0.34733511421147045
S4,My,0.1,0.3472418526957918,1.3352072187551154
S4,My,0.2,0.2662959116807852,0.8198857172781406
S4,My,0.3,0.18231484259518277,0.6433878492135455
S4,My,0.45,0.10800976764771776,0.5087246814231694
S4,My,0.65,0.11360214470113492,0.43560679588008877
S4,My,0.9,0.12368844807871285,0.38265064159392403
S4,My,1.2,0.1323763148214322,0.34689505656378306
S5,Mx,0.1,0.5952868055709492,1.174832208918976
S5,Mx,0.2,0.3384464225623048,0.7321629671518475
S5,Mx,0.3,0.17598321677549902,0.5808484071187399
S5,Mx,0.45,0.12747175483467332,0.4728249759423312
S5,Mx,0.65,0.1312571346437431,0.39715207413325726
S5,Mx,0.9,0.16011210865751724,0.3417404593513853
S5,Mx,1.2,0.120013624642321,0.3177818973174556
S5,Mx,0.1,0.4303995459668483,1.1675990794245839
S5,Mx,0.2,0.36443572026917637,0.7467981283013905
S5,Mx,0.3,0.11519322469180635,0.5651763922705827
S5,Mx,0.45,0.11794651563186748,0.4632870493916636
S5,Mx,0.65,0.1397883941347466,0.40162257393824147
S5,Mx,0.9,0.1294867437595343,0.3544875423729723
S5,Mx,1.2,0.12498407694809407,0.3101409709826538
S5,My,0.1,0.6891721949026957,1.3369289192743743
S5,My,0.2,0.4213493151369468,0.8282010573484003
S5,My,0.3,0.19765383792891925,0.6408330220560857
S5,My,0.45,0.12231847386575395,0.518429765363063
S5,My,0.65,0.12163229619545705,0.43788122266335283
S5,My,0.9,0.14228472677250262,0.37609647524494105
S5,My,1.2,0.11838653632415073,0.3433755944921021
S5,My,0.1,0.5362337575485758,1.3386132351580189
S5,My,0.2,0.3145746475889389,0.8314315080129981
S5,My,0.3,0.22648949014061834,0.6479016054732012
S5,My,0.45,0.11407930451711988,0.5116131844761843
S5,My,0.65,0.11676094904294275,0.4272301511826231
S5,My,0.9,0.09764156125206465,0.3596855029158386
S5,My,1.2,0.11089114973247563,0.3315712075947451
S6,Mx,0.1,0.6069178412541347,1.1800080448229795
S6,Mx,0.2,0.3324450207990289,0.73494227651986
S6,Mx,0.3,0.181736320126019,0.5650317060674193
S6,Mx,0.45,0.1266029623728446,0.471804116274137
S6,Mx,0.65,0.1134266689990856,0.3864638231263858
S6,Mx,0.9,0.11740436779041719,0.34311361378522076
S6,Mx,1.2,0.12746611881556652,0.3055433828909857
S6,Mx,0.1,0.6548109324907645,1.1686709784890577
S6,Mx,0.2,0.37974685566363336,0.7308013369330033
S6,Mx,0.3,0.18267114162506767,0.5763546715482952
S6,Mx,0.45,0.12248911038850048,0.47141363431853334
S6,Mx,0.65,0.1314216951858861,0.39728390449488515
S6,Mx,0.9,0.13523565386529748,0.33109856980031616
S6,Mx,1.2,0.13411933307528043,0.31515661188811717
S6,My,0.1,0.5740678250894393,1.3285036759374402
S6,My,0.2,0.3869891891915668,0.8322238997734834
S6,My,0.3,0.1968221211179369,0.6405376959106773
S6,My,0.45,0.13539911324859105,0.5245697072109735
S6,My,0.65,0.12242481542954108,0.43957549382647326
S6,My,0.9,0.13336689517875366,0.3772586250939606
S6,My,1.2,0.12445098938813651,0.3490041552483354
S6,My,0.1,0.43712632363288034,1.3310855761655602
S6,My,0.2,0.4269520771982651,0.8259117635233437
S6,My,0.3,0.19352470850965062,0.6414751156789064
S6,My,0.45,0.13368080715327121,0.5203174295584383
S6,My,0.65,0.12673413806284942,0.44030431359305033
S6,My,0.9,0.11165977726906633,0.36922715878178436
S6,My,1.2,0.1195531482074474,0.3450168926500473
S7,Mx,0.1,0.49696241252617396,1.169416229461683
S7,Mx,0.2,0.16044143936064217,0.7304069954649087
S7,Mx,0.3,0.22785067858343094,0.5736598682820507
S7,Mx,0.45,0.12191208112081241,0.46074286072169107
S7,Mx,0.65,0.16068117683185737,0.3901891548932701
S7,Mx,0.9,0.18123541478287009,0.34742700877747074
S7,Mx,1.2,0.10381114465196462,0.285752887708565
S7,Mx,0.1,0.4936116587177974,1.170327167734536
S7,Mx,0.2,0.23959307003669064,0.7348314871167955
S7,Mx,0.3,0.16226200592742718,0.5672270094478117
S7,Mx,0.45,0.10883496903015358,0.4583735525834519
S7,Mx,0.65,0.12209330246408948,0.3924735306837567
S7,Mx,0.9,0.13791066568863072,0.35757957486873315
S7,Mx,1.2,0.12154125891371238,0.31546645527500505
S7,My,0.1,0.5852386132980677,1.340419115016277
S7,My,0.2,0.3026702357927078,0.8220291249110615
S7,My,0.3,0.18018154775713405,0.6493184748645068
S7,My,0.45,0.1174685759480809,0.515958408431498
S7,My,0.65,0.13854724494869103,0.4348406998164237
S7,My,0.9,0.1193403862949241,0.3765027840331819
S7,My,1.2,0.13580529735183874,0.3441550903482551
S7,My,0.1,0.5935001225090466,1.3319629153789758
S7,My,0.2,0.14125501286914718,0.8196555924717756
S7,My,0.3,0.21716970983440442,0.6497235889202038
S7,My,0.45,0.13421681733982346,0.5143014781972257
S7,My,0.65,0.11793573197900072,0.4307897212657108
S7,My,0.9,0.14479895882792396,0.3823504689724519
S7,My,1.2,0.12539477660232828,0.34955111826326757
S8,Mx,0.1,0.5844071573155531,1.2295008706684714
S8,Mx,0.2,0.36500540318880476,0.7664976031647701
S8,Mx,0.3,0.23616231434956061,0.5887142756244524
S8,Mx,0.45,0.12272185887400867,0.4854598366697715
S8,Mx,0.65,0.12177889248081411,0.4126053807408977
S8,Mx,0.9,0.14639399411323434,0.37530776022277057
S8,Mx,1.2,0.17903287408670365,0.33706153941150613
S8,Mx,0.1,0.1680783826757163,1.2078749485986362
S8,Mx,0.2,0.30724490796137954,0.7532554795163198
S8,Mx,0.3,0.18239826827701194,0.597765302952965
S8,Mx,0.45,0.12242191784616678,0.4763799640133843
S8,Mx,0.65,0.14871787530983893,0.4076176883037536
S8,Mx,0.9,0.12291864426620822,0.3572196031269437
S8,Mx,1.2,0.13103542576527552,0.3195584245425726
S8,My,0.1,0.5196554897675336,1.368115174484788
S8,My,0.2,0.3886600540390855,0.8474635234510226
S8,My,0.3,0.15709577291463112,0.6544626402399472
S8,My,0.45,0.1265066706165795,0.529418696025601
S8,My,0.65,0.11487416219435462,0.44172682747521197
S8,My,0.9,0.11235726718424838,0.3796293299622415
S8,My,1.2,0.1192601405103201,0.34479907014203054
S8,My,0.1,0.5729979593692204,1.3769334513496236
S8,My,0.2,0.3576602819038131,0.8593419524570199
S8,My,0.3,0.2542098504628643,0.6597784680046168
S8,My,0.45,0.14002918569400755,0.542918488569371
S8,My,0.65,0.13438210674966758,0.4604781599076019
S8,My,0.9,0.11831728940908558,0.3791210687427809
S8,My,1.2,0.11752628593432257,0.34644835811066743
S9,Mx,0.1,0.16578835330433958,1.2952224660693863
S9,Mx,0.2,0.5525028957761026,0.9028355449707102
S9,Mx,0.3,0.18550608663111878,0.6102141231420073
S9,Mx,0.45,0.1874947990553605,0.49210271120499594
S9,Mx,0.65,0.28466960768713484,0.49443890296614623
S9,Mx,0.9,0.23183690267350682,0.36766799693075636
S9,Mx,1.2,0.21271144380298157,0.3326947190023431
S9,Mx,0.1,0.37241276166925746,1.2686828510447237
S9,Mx,0.2,0.40336521943832226,0.7883576875236413
S9,Mx,0.3,0.17887233535678285,0.6183863856155599
S9,Mx,0.45,0.12359971059772552,0.5053374886991321
S9,Mx,0.65,0.12381166837927612,0.41974303050012984
S9,Mx,0.9,0.126074789519693,0.36285734165671046
S9,Mx,1.2,0.114200024380489,0.32093816437869216
S9,My,0.1,0.6057685331228336,1.4228063255731977
S9,My,0.2,0.3412868714772957,0.8780273314335663
S9,My,0.3,0.35285048047699524,0.6891586403922322
S9,My,0.45,0.16426316691348247,0.5444664106380789
S9,My,0.65,0.19553505337157484,0.4704631798570673
S9,My,0.9,0.6212139367252306,0.4205860671109438
S9,My,1.2,0.16845787449619642,0.38201727975044875
S9,My,0.1,0.5383536779250138,1.4212754545348292
S9,My,0.2,0.483134095709146,0.8890424451777538
S9,My,0.3,0.2766896834666565,0.6904081586760145
S9,My,0.45,0.3177365156683171,0.543697538239144
S9,My,0.65,0.21065572062012836,0.47720331928738546
S9,My,0.9,0.33303105771741054,0.4567633924358233
S9,My,1.2,0.3988087239456047,0.4177193990361955
S11,Mx,0.1,0.4422098333189326,1.126292640203115
S11,Mx,0.2,0.34237943370431556,0.7055428250971609
S11,Mx,0.3,0.17438936028491467,0.5646814669287998
S11,Mx,0.45,0.15601278701766377,0.4554388923971452
S11,Mx,0.65,0.11108840563849313,0.374946694988443
S11,Mx,0.9,0.12564179314867338,0.34278946412160727
S11,Mx,1.2,0.11257832448933475,0.2912754787114071
S11,Mx,0.1,0.47221377387137914,1.1205217183492249
S11,Mx,0.2,0.2395736494437687,0.7020315473015659
S11,Mx,0.3,0.23987231106558218,0.5597461703406367
S11,Mx,0.45,0.1201814141682011,0.4515173652960445
S11,Mx,0.65,0.1287868560101133,0.38387257238337447
S11,Mx,0.9,0.1262724718529085,0.3428545985036494
S11,Mx,1.2,0.14105336262816126,0.3089236323409762
S11,My,0.1,0.48983970897220164,1.46373875978007
S11,My,0.2,0.3114221682669501,0.9081861114860751
S11,My,0.3,0.1815127913780926,0.702954936723786
S11,My,0.45,0.12596196796342735,0.5626387103095974
S11,My,0.65,0.11355756161732052,0.46218161940068203
S11,My,0.9,0.13110343398698168,0.4036914626545663
S11,My,1.2,0.12392022962699313,0.36532903106425685
S11,My,0.1,0.47531816390561465,1.4654317662926057
S11,My,0.2,0.2687328489547428,0.8966674592455404
S11,My,0.3,0.13673332898688842,0.6907135183017341
S11,My,0.45,0.23287495221471197,0.5811643543445125
S11,My,0.65,0.19813112618108697,0.4984173794062432
S11,My,0.9,0.14031702007125393,0.3946978571854876
S11,My,1.2,0.4771353870063806,0.6344634292387428
S13,Mx,0.1,0.18810277371349748,1.2631681145176183
S13,Mx,0.2,0.28888782422950104,0.7756283876817951
S13,Mx,0.3,0.2623621657083287,0.6178449207694985
S13,Mx,0.45,0.1259572047387649,0.48417532069240765
S13,Mx,0.65,0.12240778708450206,0.4087902805046637
S13,Mx,0.9,0.11920069823766992,0.3569221062856895
S13,Mx,1.2,0.10981769129223869,0.30848205100257986
S13,Mx,0.1,0.6722496388948281,1.2630775166884063
S13,Mx,0.2,0.3037232404816378,0.7810846538271876
S13,Mx,0.3,0.1266250526560884,0.6069902630591608
S13,Mx,0.45,0.13510384411382945,0.48950333246040967
S13,Mx,0.65,0.13558904650400183,0.4219348279244833
S13,Mx,0.9,0.15757221116756304,0.36702134814315657
S13,Mx,1.2,0.11546404808302478,0.3089697719589259
S13,My,0.1,0.49273513900733085,1.427348291935292
S13,My,0.2,0.36410940718499096,0.8815421716431882
S13,My,0.3,0.16809154521209685,0.6883687543768243
S13,My,0.45,0.1357441982675507,0.5419640495442879
S13,My,0.65,0.12359557290476558,0.4600040582375259
S13,My,0.9,0.11997707049961608,0.39891905549428697
S13,My,1.2,0.11719202956776623,0.35380988757205145
S13,My,0.1,0.49219454784177685,1.4399682185432554
S13,My,0.2,0.3148998157728632,0.8806380289002319
S13,My,0.3,0.21902660173019567,0.6804805832750107
S13,My,0.45,0.1252336567448425,0.553266578532901
S13,My,0.65,0.14416730529552535,0.460140948570597
S13,My,0.9,0.12716693166218032,0.40124920160169636
S13,My,1.2,0.1482146432746358,0.3610056544807878
